batch_number,name,unit_of_measurement,description,category,usage,owner,quantity
1510,ΜΕΤΑΣΧΗΜΑΤΙΣΤΗΣ 110/220V,ΤΕΜΑΧΙΑ,,ΚΑΜΙΑ ΕΠΙΛΟΓΗ,ΚΑΜΙΑ ΕΠΙΛΟΓΗ,ΔΙΔΕΣ,0
1511,ΜΕΤΑΣΧΗΜΑΤΙΣΤΕΣ 4KW,ΤΕΜΑΧΙΑ,,ΚΑΜΙΑ ΕΠΙΛΟΓΗ,ΚΑΜΙΑ ΕΠΙΛΟΓΗ,ΔΙΔΕΣ,0
1512,ΜΕΤΑΣΧΗΜΑΤΙΣΤΕΣ 5KW,ΤΕΜΑΧΙΑ,,ΚΑΜΙΑ ΕΠΙΛΟΓΗ,ΚΑΜΙΑ ΕΠΙΛΟΓΗ,ΔΙΔΕΣ,0
1518,DSPCM 30 INTARCOM,ΤΕΜΑΧΙΑ,,ΚΑΜΙΑ ΕΠΙΛΟΓΗ,ΚΑΜΙΑ ΕΠΙΛΟΓΗ,ΔΙΔΕΣ,0
1519,PCM 30 G SIEMENS,ΤΕΜΑΧΙΑ,,ΚΑΜΙΑ ΕΠΙΛΟΓΗ,ΚΑΜΙΑ ΕΠΙΛΟΓΗ,ΔΙΔΕΣ,0
1520,ADM 11 CMSH 11 C MARCONI,ΤΕΜΑΧΙΑ,,ΚΑΜΙΑ ΕΠΙΛΟΓΗ,ΚΑΜΙΑ ΕΠΙΛΟΓΗ,ΔΙΔΕΣ,0
1529,ΤΗΛΕΤΥΠΑ ΤΥΠΟΥ ATS-SS02,ΤΕΜΑΧΙΑ,,ΚΑΜΙΑ ΕΠΙΛΟΓΗ,ΚΑΜΙΑ ΕΠΙΛΟΓΗ,ΔΙΔΕΣ,0
1532,ΟΘΟΝΗ Η/Υ 19’’ TFT,ΤΕΜΑΧΙΑ,,ΚΑΜΙΑ ΕΠΙΛΟΓΗ,ΚΑΜΙΑ ΕΠΙΛΟΓΗ,ΔΙΔΕΣ,0
1537,ΟΘΟΝΗ LG LED 19 1261768,ΤΕΜΑΧΙΑ,,ΚΑΜΙΑ ΕΠΙΛΟΓΗ,ΚΑΜΙΑ ΕΠΙΛΟΓΗ,ΔΙΔΕΣ,0
1538,Η/Υ QUEST EPF-GEETHA 1092877,ΤΕΜΑΧΙΑ,,ΚΑΜΙΑ ΕΠΙΛΟΓΗ,ΚΑΜΙΑ ΕΠΙΛΟΓΗ,ΔΙΔΕΣ,0
1539,"ΔΙΣΚΟΣ SEAGATE 3,5 SATA 500GB",ΤΕΜΑΧΙΑ,,ΚΑΜΙΑ ΕΠΙΛΟΓΗ,ΚΑΜΙΑ ΕΠΙΛΟΓΗ,ΔΙΔΕΣ,0
1542,Η/Υ LENOVO THINKCENTER M91p SFF,ΤΕΜΑΧΙΑ,,ΚΑΜΙΑ ΕΠΙΛΟΓΗ,ΚΑΜΙΑ ΕΠΙΛΟΓΗ,ΔΙΔΕΣ,0
1620,ΒΑΘΜΙΔΑ 8 ΑΡΤΗΡΙΩΝ ISDN,ΤΕΜΑΧΙΑ,,ΚΑΜΙΑ ΕΠΙΛΟΓΗ,ΚΑΜΙΑ ΕΠΙΛΟΓΗ,ΔΙΔΕΣ,0
1628,ΜΕΤΑΣΧΗΜΑΤΙΣΤΗΣ 220/110V,ΤΕΜΑΧΙΑ,,ΚΑΜΙΑ ΕΠΙΛΟΓΗ,ΚΑΜΙΑ ΕΠΙΛΟΓΗ,ΔΙΔΕΣ,0
5982, KEPAIA MIKROTIK MANTBOX,ΤΕΜΑΧΙΑ,,ΚΑΜΙΑ ΕΠΙΛΟΓΗ,ΚΑΜΙΑ ΕΠΙΛΟΓΗ,ΔΙΔΕΣ,0
5984, CISCO CBS220-24T -4X,ΤΕΜΑΧΙΑ,,ΚΑΜΙΑ ΕΠΙΛΟΓΗ,ΚΑΜΙΑ ΕΠΙΛΟΓΗ,ΔΙΔΕΣ,0
5985, ELECTRONIC SCR BOARD LINAER LCD (KAPTA UPS),ΤΕΜΑΧΙΑ,,ΚΑΜΙΑ ΕΠΙΛΟΓΗ,ΚΑΜΙΑ ΕΠΙΛΟΓΗ,ΔΙΔΕΣ,0
5990, MIKROTIK ROUTERBOARD 2011UIAS 600MHZ,ΤΕΜΑΧΙΑ,,ΚΑΜΙΑ ΕΠΙΛΟΓΗ,ΚΑΜΙΑ ΕΠΙΛΟΓΗ,ΔΙΔΕΣ,0
5991, MIKROTIK ROUTERBOARD 960PGS PB,ΤΕΜΑΧΙΑ,,ΚΑΜΙΑ ΕΠΙΛΟΓΗ,ΚΑΜΙΑ ΕΠΙΛΟΓΗ,ΔΙΔΕΣ,0
5992, MIKROTIK CR S318- IFI 15FR,ΤΕΜΑΧΙΑ,,ΚΑΜΙΑ ΕΠΙΛΟΓΗ,ΚΑΜΙΑ ΕΠΙΛΟΓΗ,ΔΙΔΕΣ,0
5993, ROUTERBOARD CCR1016 12G,ΤΕΜΑΧΙΑ,,ΚΑΜΙΑ ΕΠΙΛΟΓΗ,ΚΑΜΙΑ ΕΠΙΛΟΓΗ,ΔΙΔΕΣ,0
5994, FAX PANASONIC UF -7100,ΤΕΜΑΧΙΑ,,ΚΑΜΙΑ ΕΠΙΛΟΓΗ,ΚΑΜΙΑ ΕΠΙΛΟΓΗ,ΔΙΔΕΣ,0
5995, MIKROTIK RB1100AHX4 ROUTER,ΤΕΜΑΧΙΑ,,ΚΑΜΙΑ ΕΠΙΛΟΓΗ,ΚΑΜΙΑ ΕΠΙΛΟΓΗ,ΔΙΔΕΣ,0
5996, ROUTER MIKROTIK CCR 2116,ΤΕΜΑΧΙΑ,,ΚΑΜΙΑ ΕΠΙΛΟΓΗ,ΚΑΜΙΑ ΕΠΙΛΟΓΗ,ΔΙΔΕΣ,0
5997, ROUTER MIKROTIK CCR 2004,ΤΕΜΑΧΙΑ,,ΚΑΜΙΑ ΕΠΙΛΟΓΗ,ΚΑΜΙΑ ΕΠΙΛΟΓΗ,ΔΙΔΕΣ,0
6000, AC 1750 WIRELESS ( ΔΡΟΜ.ΑΣΥΡΜ.ΔΙΚΤΥΟΥ ),ΤΕΜΑΧΙΑ,,ΚΑΜΙΑ ΕΠΙΛΟΓΗ,ΚΑΜΙΑ ΕΠΙΛΟΓΗ,ΔΙΔΕΣ,0
6010, ΣΥΣΚΕΥΗ ΤΗΛΕΦΩΝΑ ΓΕΡΜΑΝΙΑΣ,ΤΕΜΑΧΙΑ,,ΚΑΜΙΑ ΕΠΙΛΟΓΗ,ΚΑΜΙΑ ΕΠΙΛΟΓΗ,ΔΙΔΕΣ,0
6011, ΤΗΛΕΦ ΕΕ -8 A-B.C.D,ΤΕΜΑΧΙΑ,,ΚΑΜΙΑ ΕΠΙΛΟΓΗ,ΚΑΜΙΑ ΕΠΙΛΟΓΗ,ΔΙΔΕΣ,0
6012, ΤΗΛΕΦΩΝΑ ΑΥΤΟΜΑΤΑ ΔΙΑΦΟΡ ΤΥΠΩΝ ΕΠΙΤΡΑΠΕΖΙΑ,ΤΕΜΑΧΙΑ,,ΚΑΜΙΑ ΕΠΙΛΟΓΗ,ΚΑΜΙΑ ΕΠΙΛΟΓΗ,ΔΙΔΕΣ,0
6013,ΤΗΛΕΦΩΝΑ TA -312 /PT,ΤΕΜΑΧΙΑ,,ΚΑΜΙΑ ΕΠΙΛΟΓΗ,ΚΑΜΙΑ ΕΠΙΛΟΓΗ,ΔΙΔΕΣ,0
6015, ΤΗΛΕΦΩΝΑ ΠΛΗΚΤΡΟΛΟΓΙΟΥ IRIS 20,ΤΕΜΑΧΙΑ,,ΚΑΜΙΑ ΕΠΙΛΟΓΗ,ΚΑΜΙΑ ΕΠΙΛΟΓΗ,ΔΙΔΕΣ,0
6018, ΣΥΣΤΗΜΑ ΕΠΙΣΚΕΥΗΣ ΒΛΑΒΩΝ,ΤΕΜΑΧΙΑ,,ΚΑΜΙΑ ΕΠΙΛΟΓΗ,ΚΑΜΙΑ ΕΠΙΛΟΓΗ,ΔΙΔΕΣ,0
6028, SERVER HP DL385P GEN8 (2XCPU AMD 32G),ΤΕΜΑΧΙΑ,,ΚΑΜΙΑ ΕΠΙΛΟΓΗ,ΚΑΜΙΑ ΕΠΙΛΟΓΗ,ΔΙΔΕΣ,0
6051, ΚΑΛΩΔΙΟ CX-1302,ΤΕΜΑΧΙΑ,,ΚΑΜΙΑ ΕΠΙΛΟΓΗ,ΚΑΜΙΑ ΕΠΙΛΟΓΗ,ΔΙΔΕΣ,0
6068, ΚΡΥΠΤΟΦΩΝΙΚΗ ΣΥΣΚ MA-4207,ΤΕΜΑΧΙΑ,,ΚΑΜΙΑ ΕΠΙΛΟΓΗ,ΚΑΜΙΑ ΕΠΙΛΟΓΗ,ΔΙΔΕΣ,0
6070, ΣΥΣΚΕΥΗ ΤΗΛΕΜ PANASONIC UF 788,ΤΕΜΑΧΙΑ,,ΚΑΜΙΑ ΕΠΙΛΟΓΗ,ΚΑΜΙΑ ΕΠΙΛΟΓΗ,ΔΙΔΕΣ,0
6071, FAX KOIN ΧΑΡΤΗ,ΤΕΜΑΧΙΑ,,ΚΑΜΙΑ ΕΠΙΛΟΓΗ,ΚΑΜΙΑ ΕΠΙΛΟΓΗ,ΔΙΔΕΣ,0
6072, ΣΥΣΚΕΥΗ ΤΗΛΕΜ PANASONIC UF-770,ΤΕΜΑΧΙΑ,,ΚΑΜΙΑ ΕΠΙΛΟΓΗ,ΚΑΜΙΑ ΕΠΙΛΟΓΗ,ΔΙΔΕΣ,0
6073, LASER FAX KX,ΤΕΜΑΧΙΑ,,ΚΑΜΙΑ ΕΠΙΛΟΓΗ,ΚΑΜΙΑ ΕΠΙΛΟΓΗ,ΔΙΔΕΣ,0
6076, ΑΣΥΡΜΑΤΟΣ ΑΥΤΟΚΙΝΗΤOY TETRA NOKIA TMR880,ΤΕΜΑΧΙΑ,,ΚΑΜΙΑ ΕΠΙΛΟΓΗ,ΚΑΜΙΑ ΕΠΙΛΟΓΗ,ΔΙΔΕΣ,0
6126,H/Y SERVER,ΤΕΜΑΧΙΑ,,ΚΑΜΙΑ ΕΠΙΛΟΓΗ,ΚΑΜΙΑ ΕΠΙΛΟΓΗ,ΔΙΔΕΣ,0
6135, ΛΟΓΙΣΜΙΚΟ ΒΑΣΕΩΣ ΔΕΔΟΜΕΝΩΝ,ΤΕΜΑΧΙΑ,,ΚΑΜΙΑ ΕΠΙΛΟΓΗ,ΚΑΜΙΑ ΕΠΙΛΟΓΗ,ΔΙΔΕΣ,0
6137, ΠΑΚΕΤΟ 28ΘΕΣΕΩΝ ΜΕ ΕΡΜΑΡΙΟ,ΤΕΜΑΧΙΑ,,ΚΑΜΙΑ ΕΠΙΛΟΓΗ,ΚΑΜΙΑ ΕΠΙΛΟΓΗ,ΔΙΔΕΣ,0
6138, ΕΦΕΔΡΕΙΑ ΚΕΝ ΕΛΕΓΧΟΥ,ΤΕΜΑΧΙΑ,,ΚΑΜΙΑ ΕΠΙΛΟΓΗ,ΚΑΜΙΑ ΕΠΙΛΟΓΗ,ΔΙΔΕΣ,0
6139,ΒΑΘΜΙΔΑ Ζ-24 24 ΑΝΑΛ,ΤΕΜΑΧΙΑ,,ΚΑΜΙΑ ΕΠΙΛΟΓΗ,ΚΑΜΙΑ ΕΠΙΛΟΓΗ,ΔΙΔΕΣ,0
6141,ΔΙΑΤΑΞΗ ΑΥΤΟΜ ΜΑΤΑΓ,ΤΕΜΑΧΙΑ,,ΚΑΜΙΑ ΕΠΙΛΟΓΗ,ΚΑΜΙΑ ΕΠΙΛΟΓΗ,ΔΙΔΕΣ,0
6142,ΚΑΛΩΔΙΟ 30 20Μ,ΤΕΜΑΧΙΑ,,ΚΑΜΙΑ ΕΠΙΛΟΓΗ,ΚΑΜΙΑ ΕΠΙΛΟΓΗ,ΔΙΔΕΣ,0
6143, ΚΑΛΩΔΙΟ 10 20Μ,ΤΕΜΑΧΙΑ,,ΚΑΜΙΑ ΕΠΙΛΟΓΗ,ΚΑΜΙΑ ΕΠΙΛΟΓΗ,ΔΙΔΕΣ,0
6144, ΚΑΛΩΔΙΟ 10 20Μ,ΤΕΜΑΧΙΑ,,ΚΑΜΙΑ ΕΠΙΛΟΓΗ,ΚΑΜΙΑ ΕΠΙΛΟΓΗ,ΔΙΔΕΣ,0
6145, ΒΑΘΜΙΔΑ PCM 2MB,ΤΕΜΑΧΙΑ,,ΚΑΜΙΑ ΕΠΙΛΟΓΗ,ΚΑΜΙΑ ΕΠΙΛΟΓΗ,ΔΙΔΕΣ,0
6146, ΒΑΘΜΙΔΑ GRA 2B D NET 3,ΤΕΜΑΧΙΑ,,ΚΑΜΙΑ ΕΠΙΛΟΓΗ,ΚΑΜΙΑ ΕΠΙΛΟΓΗ,ΔΙΔΕΣ,0
6147, ΠΡΟΓΡΑΜΜΑ ΥΠΟΣΤΗΡΙΞΗΣ 8 ΚΑΝ,ΤΕΜΑΧΙΑ,,ΚΑΜΙΑ ΕΠΙΛΟΓΗ,ΚΑΜΙΑ ΕΠΙΛΟΓΗ,ΔΙΔΕΣ,0
6148, ΒΑΘΜΙΔΑ ASEM 4 KΥΚ,ΤΕΜΑΧΙΑ,,ΚΑΜΙΑ ΕΠΙΛΟΓΗ,ΚΑΜΙΑ ΕΠΙΛΟΓΗ,ΔΙΔΕΣ,0
6150, ΚΑΜΠΙΝΑ ΚΑΤΑΝΕΜΗΤΗ 630,ΤΕΜΑΧΙΑ,,ΚΑΜΙΑ ΕΠΙΛΟΓΗ,ΚΑΜΙΑ ΕΠΙΛΟΓΗ,ΔΙΔΕΣ,0
6151, ΔΙΑΧΩΡΙΣΤΙΚΗ ΟΡΙΟΛΩΡ 10,ΤΕΜΑΧΙΑ,,ΚΑΜΙΑ ΕΠΙΛΟΓΗ,ΚΑΜΙΑ ΕΠΙΛΟΓΗ,ΔΙΔΕΣ,0
6152, ΑΣΦΑΛΕΙΟΛΩΡΙΔΕΣ 10 ΤΡΙΠ,ΤΕΜΑΧΙΑ,,ΚΑΜΙΑ ΕΠΙΛΟΓΗ,ΚΑΜΙΑ ΕΠΙΛΟΓΗ,ΔΙΔΕΣ,0
6153, ΑΣΦΑΛΕΙΕΣ ΤΡΙΠ ΓΙΑ Ι,ΤΕΜΑΧΙΑ,,ΚΑΜΙΑ ΕΠΙΛΟΓΗ,ΚΑΜΙΑ ΕΠΙΛΟΓΗ,ΔΙΔΕΣ,0
6154, ΨΗΦΙΑΚΗ ΤΗΛΕΦ ΣΥΣΚΕΥΗ 5028,ΤΕΜΑΧΙΑ,,ΚΑΜΙΑ ΕΠΙΛΟΓΗ,ΚΑΜΙΑ ΕΠΙΛΟΓΗ,ΔΙΔΕΣ,0
6155, ΨΗΦΙΑΚΗ ΤΗΛ ΣΥΣΚΕΥΗ 5018,ΤΕΜΑΧΙΑ,,ΚΑΜΙΑ ΕΠΙΛΟΓΗ,ΚΑΜΙΑ ΕΠΙΛΟΓΗ,ΔΙΔΕΣ,0
6156, ΤΗΛΕΦ ΣΥΣΚΕΥΗ VOX100,ΤΕΜΑΧΙΑ,,ΚΑΜΙΑ ΕΠΙΛΟΓΗ,ΚΑΜΙΑ ΕΠΙΛΟΓΗ,ΔΙΔΕΣ,0
6157, ΤΗΛΕΦ ΠΡΙΖΑ ΕΠΙΤΟΙΧ,ΤΕΜΑΧΙΑ,,ΚΑΜΙΑ ΕΠΙΛΟΓΗ,ΚΑΜΙΑ ΕΠΙΛΟΓΗ,ΔΙΔΕΣ,0
6158, ΕΝΤΥΠΟ ΥΛΙΚΟ,ΤΕΜΑΧΙΑ,,ΚΑΜΙΑ ΕΠΙΛΟΓΗ,ΚΑΜΙΑ ΕΠΙΛΟΓΗ,ΔΙΔΕΣ,0
6159, KYTIA ΔΙΑΝΟΜΗΣ J-1077,ΤΕΜΑΧΙΑ,,ΚΑΜΙΑ ΕΠΙΛΟΓΗ,ΚΑΜΙΑ ΕΠΙΛΟΓΗ,ΔΙΔΕΣ,0
6162, ΒΑΘΜΙΔΑ BPRA,ΤΕΜΑΧΙΑ,,ΚΑΜΙΑ ΕΠΙΛΟΓΗ,ΚΑΜΙΑ ΕΠΙΛΟΓΗ,ΔΙΔΕΣ,0
6163, ΒΑΘΜΙΔΑ NDDI-8,ΤΕΜΑΧΙΑ,,ΚΑΜΙΑ ΕΠΙΛΟΓΗ,ΚΑΜΙΑ ΕΠΙΛΟΓΗ,ΔΙΔΕΣ,0
6164, ΒΑΘΜΙΔΑ NX64,ΤΕΜΑΧΙΑ,,ΚΑΜΙΑ ΕΠΙΛΟΓΗ,ΚΑΜΙΑ ΕΠΙΛΟΓΗ,ΔΙΔΕΣ,0
6165, ΤΗΛΕΦΩΝΙΚΟ KENTPO SIEMENS HIPATH 96(100 ΔΙΕΥΘ ),ΤΕΜΑΧΙΑ,,ΚΑΜΙΑ ΕΠΙΛΟΓΗ,ΚΑΜΙΑ ΕΠΙΛΟΓΗ,ΔΙΔΕΣ,0
6166, ΨΗΦΙΑΚΗ ΤΗΛΕΦΩΝΙΚΗ ΣΥΣΚΕΥΗ OPTIPOINT 500,ΤΕΜΑΧΙΑ,,ΚΑΜΙΑ ΕΠΙΛΟΓΗ,ΚΑΜΙΑ ΕΠΙΛΟΓΗ,ΔΙΔΕΣ,0
6167,ΨΗΦΙΑΚΗ ΤΗΛ.ΣΥΣΚΕΥΗ KX-T7533,ΤΕΜΑΧΙΑ,,ΚΑΜΙΑ ΕΠΙΛΟΓΗ,ΚΑΜΙΑ ΕΠΙΛΟΓΗ,ΔΙΔΕΣ,0
6168,ΨΗΦΙΑΚΗ ΚΟΝΣΟΛΑ DSS KX-T7541,ΤΕΜΑΧΙΑ,,ΚΑΜΙΑ ΕΠΙΛΟΓΗ,ΚΑΜΙΑ ΕΠΙΛΟΓΗ,ΔΙΔΕΣ,0
6249,ΚΑΛΩΔΙΟ CISCO CAB-SS -V35,ΤΕΜΑΧΙΑ,,ΚΑΜΙΑ ΕΠΙΛΟΓΗ,ΚΑΜΙΑ ΕΠΙΛΟΓΗ,ΔΙΔΕΣ,0
6266, GSM ISDN GATEWAY (ΤΕΡΜΑΤ ΚΙΝ ΤΗΛΕΦΩΝΙΑΣ),ΤΕΜΑΧΙΑ,,ΚΑΜΙΑ ΕΠΙΛΟΓΗ,ΚΑΜΙΑ ΕΠΙΛΟΓΗ,ΔΙΔΕΣ,0
6271, DATA SWITCH SPLITTER C620,ΤΕΜΑΧΙΑ,,ΚΑΜΙΑ ΕΠΙΛΟΓΗ,ΚΑΜΙΑ ΕΠΙΛΟΓΗ,ΔΙΔΕΣ,0
6272, VWIC3-1MFT - T1E1-1 -PORT 3RD GEN (ΚΑΡΤΑ ΔΙΚΤΥΟΥ),ΤΕΜΑΧΙΑ,,ΚΑΜΙΑ ΕΠΙΛΟΓΗ,ΚΑΜΙΑ ΕΠΙΛΟΓΗ,ΔΙΔΕΣ,0
6273, VWIC2-2MFTT1 /E1-2PT 2ND (ΚΑΡΤΑ ΔΙΚΤΥΟΥ),ΤΕΜΑΧΙΑ,,ΚΑΜΙΑ ΕΠΙΛΟΓΗ,ΚΑΜΙΑ ΕΠΙΛΟΓΗ,ΔΙΔΕΣ,0
6274, VIWIC2-1MFT-T1/E1 CONTROLLER,ΤΕΜΑΧΙΑ,,ΚΑΜΙΑ ΕΠΙΛΟΓΗ,ΚΑΜΙΑ ΕΠΙΛΟΓΗ,ΔΙΔΕΣ,0
6275, VWIC3 2MFT-TI-EI 2PORT 3RD GEN ΜΕΤ(ΚΑΡΤΑ ΔΙΚΤΥΟ),ΤΕΜΑΧΙΑ,,ΚΑΜΙΑ ΕΠΙΛΟΓΗ,ΚΑΜΙΑ ΕΠΙΛΟΓΗ,ΔΙΔΕΣ,0
6300, ΚΕΝΤΡΟ ΕΛΕΓΧΟΥ CPU-6,ΤΕΜΑΧΙΑ,,ΚΑΜΙΑ ΕΠΙΛΟΓΗ,ΚΑΜΙΑ ΕΠΙΛΟΓΗ,ΔΙΔΕΣ,0
6753,ΦΟΡΗΤΟΣ Η/Υ HP NOTEBOOK PRO 250 G7,ΤΕΜΑΧΙΑ,,ΚΑΜΙΑ ΕΠΙΛΟΓΗ,ΚΑΜΙΑ ΕΠΙΛΟΓΗ,ΔΙΔΕΣ,0
6757,GRANDSTREAM 8 FXS,ΤΕΜΑΧΙΑ,,ΚΑΜΙΑ ΕΠΙΛΟΓΗ,ΚΑΜΙΑ ΕΠΙΛΟΓΗ,ΔΙΔΕΣ,0
7878, PC EXPERT ON DEMAND 17,ΤΕΜΑΧΙΑ,,ΚΑΜΙΑ ΕΠΙΛΟΓΗ,ΚΑΜΙΑ ΕΠΙΛΟΓΗ,ΔΙΔΕΣ,0
7881, MOUSE DELL,ΤΕΜΑΧΙΑ,,ΚΑΜΙΑ ΕΠΙΛΟΓΗ,ΚΑΜΙΑ ΕΠΙΛΟΓΗ,ΔΙΔΕΣ,0
7882, KEYBOARD DELL,ΤΕΜΑΧΙΑ,,ΚΑΜΙΑ ΕΠΙΛΟΓΗ,ΚΑΜΙΑ ΕΠΙΛΟΓΗ,ΔΙΔΕΣ,0
7883, ROUTER CISCO 1700 ETHERNET,ΤΕΜΑΧΙΑ,,ΚΑΜΙΑ ΕΠΙΛΟΓΗ,ΚΑΜΙΑ ΕΠΙΛΟΓΗ,ΔΙΔΕΣ,0
7884, H/Y SERVER FUJITSU SIEMENS TX 200,ΤΕΜΑΧΙΑ,,ΚΑΜΙΑ ΕΠΙΛΟΓΗ,ΚΑΜΙΑ ΕΠΙΛΟΓΗ,ΔΙΔΕΣ,0
7885, EXPERT PC BEAST 66 SPECIAL,ΤΕΜΑΧΙΑ,,ΚΑΜΙΑ ΕΠΙΛΟΓΗ,ΚΑΜΙΑ ΕΠΙΛΟΓΗ,ΔΙΔΕΣ,0
7886, ΟΘΟΝΗ HP P24V G4FHD,ΤΕΜΑΧΙΑ,,ΚΑΜΙΑ ΕΠΙΛΟΓΗ,ΚΑΜΙΑ ΕΠΙΛΟΓΗ,ΔΙΔΕΣ,0
7887, H/Y DELL PER 330/E (SERVER RACK),ΤΕΜΑΧΙΑ,,ΚΑΜΙΑ ΕΠΙΛΟΓΗ,ΚΑΜΙΑ ΕΠΙΛΟΓΗ,ΔΙΔΕΣ,0
7888, AOC MONITOR (ΟΘΟΝΗ),ΤΕΜΑΧΙΑ,,ΚΑΜΙΑ ΕΠΙΛΟΓΗ,ΚΑΜΙΑ ΕΠΙΛΟΓΗ,ΔΙΔΕΣ,0
7889, ΕΚΤΥΠΩΤΗΣ LASER BROTHER HL -L2310D,ΤΕΜΑΧΙΑ,,ΚΑΜΙΑ ΕΠΙΛΟΓΗ,ΚΑΜΙΑ ΕΠΙΛΟΓΗ,ΔΙΔΕΣ,0
7890, MOBAXTERN (ΛΟΓΙΣΜΙΚΟ),ΤΕΜΑΧΙΑ,,ΚΑΜΙΑ ΕΠΙΛΟΓΗ,ΚΑΜΙΑ ΕΠΙΛΟΓΗ,ΔΙΔΕΣ,0
7891, WESTERN DIGITAL MY CLOUD EX2 ULTRA,ΤΕΜΑΧΙΑ,,ΚΑΜΙΑ ΕΠΙΛΟΓΗ,ΚΑΜΙΑ ΕΠΙΛΟΓΗ,ΔΙΔΕΣ,0
7892, WESTERN DIGITAL RED 4ΤΒ (ΣΚΛΗΡΟΣ ΔΙΣΚΟΣ),ΤΕΜΑΧΙΑ,,ΚΑΜΙΑ ΕΠΙΛΟΓΗ,ΚΑΜΙΑ ΕΠΙΛΟΓΗ,ΔΙΔΕΣ,0
7893, ΟΠΤΙΚΟΣ ΚΑΤΑΝΕΜΗΤΗΣ 24PORT,ΤΕΜΑΧΙΑ,,ΚΑΜΙΑ ΕΠΙΛΟΓΗ,ΚΑΜΙΑ ΕΠΙΛΟΓΗ,ΔΙΔΕΣ,0
7894, PATCH PANEL 24 PORT,ΤΕΜΑΧΙΑ,,ΚΑΜΙΑ ΕΠΙΛΟΓΗ,ΚΑΜΙΑ ΕΠΙΛΟΓΗ,ΔΙΔΕΣ,0
7910, PATCH PANEL ΔΙΚΤΥΟΥ,ΤΕΜΑΧΙΑ,,ΚΑΜΙΑ ΕΠΙΛΟΓΗ,ΚΑΜΙΑ ΕΠΙΛΟΓΗ,ΔΙΔΕΣ,0
7911, RACK 14U,ΤΕΜΑΧΙΑ,,ΚΑΜΙΑ ΕΠΙΛΟΓΗ,ΚΑΜΙΑ ΕΠΙΛΟΓΗ,ΔΙΔΕΣ,0
7923, SWITCH SG-250-26,ΤΕΜΑΧΙΑ,,ΚΑΜΙΑ ΕΠΙΛΟΓΗ,ΚΑΜΙΑ ΕΠΙΛΟΓΗ,ΔΙΔΕΣ,0
7926, CISCO ISR 4351,ΤΕΜΑΧΙΑ,,ΚΑΜΙΑ ΕΠΙΛΟΓΗ,ΚΑΜΙΑ ΕΠΙΛΟΓΗ,ΔΙΔΕΣ,0
7927, CISCO SWITCH 2960,ΤΕΜΑΧΙΑ,,ΚΑΜΙΑ ΕΠΙΛΟΓΗ,ΚΑΜΙΑ ΕΠΙΛΟΓΗ,ΔΙΔΕΣ,0
7940, ROUTER MIKROTIK FIBER,ΤΕΜΑΧΙΑ,,ΚΑΜΙΑ ΕΠΙΛΟΓΗ,ΚΑΜΙΑ ΕΠΙΛΟΓΗ,ΔΙΔΕΣ,0
7943, MODULAR UPS 60KVA,ΤΕΜΑΧΙΑ,,ΚΑΜΙΑ ΕΠΙΛΟΓΗ,ΚΑΜΙΑ ΕΠΙΛΟΓΗ,ΔΙΔΕΣ,0
7960, DELL DESKTOP PC 15 8GB,ΤΕΜΑΧΙΑ,,ΚΑΜΙΑ ΕΠΙΛΟΓΗ,ΚΑΜΙΑ ΕΠΙΛΟΓΗ,ΔΙΔΕΣ,0
7961, DELL LAPTOP PC 17 8GB R,ΤΕΜΑΧΙΑ,,ΚΑΜΙΑ ΕΠΙΛΟΓΗ,ΚΑΜΙΑ ΕΠΙΛΟΓΗ,ΔΙΔΕΣ,0
7962," SAMSUNG CURVED 24"" (ΟΘΟΝΗ LED)",ΤΕΜΑΧΙΑ,,ΚΑΜΙΑ ΕΠΙΛΟΓΗ,ΚΑΜΙΑ ΕΠΙΛΟΓΗ,ΔΙΔΕΣ,0
7963, DAIDSONIC IC BOX DOCKING (ΒΑΣΗ ΣΥΝΔΕΣΗΣ ΣΚΛΗΡΟ),ΤΕΜΑΧΙΑ,,ΚΑΜΙΑ ΕΠΙΛΟΓΗ,ΚΑΜΙΑ ΕΠΙΛΟΓΗ,ΔΙΔΕΣ,0
7964, RASBERRY PI 4 MODEL B,ΤΕΜΑΧΙΑ,,ΚΑΜΙΑ ΕΠΙΛΟΓΗ,ΚΑΜΙΑ ΕΠΙΛΟΓΗ,ΔΙΔΕΣ,0
7965, LOGITEC CONFERENCECAMERA (ΚΑΜΕΡΑ  ΤΗΛΕΔΙΑΣΚΕ),ΤΕΜΑΧΙΑ,,ΚΑΜΙΑ ΕΠΙΛΟΓΗ,ΚΑΜΙΑ ΕΠΙΛΟΓΗ,ΔΙΔΕΣ,0
7966, LEXMARK MC 2425 ADW (ΕΚΤΥΠΩΤΗΣ ΕΓΧΡΩΜΟΣ),ΤΕΜΑΧΙΑ,,ΚΑΜΙΑ ΕΠΙΛΟΓΗ,ΚΑΜΙΑ ΕΠΙΛΟΓΗ,ΔΙΔΕΣ,0
7967," PHILIPS 8DM 4350 UC MONITOR 42"" (ΟΘΟΝΗ)",ΤΕΜΑΧΙΑ,,ΚΑΜΙΑ ΕΠΙΛΟΓΗ,ΚΑΜΙΑ ΕΠΙΛΟΓΗ,ΔΙΔΕΣ,0
7968, CISCO CP 8841-K9-5-LINE VOIP (ΤΗΛΕΦ.ΣΥΣΚΕΥΗ),ΤΕΜΑΧΙΑ,,ΚΑΜΙΑ ΕΠΙΛΟΓΗ,ΚΑΜΙΑ ΕΠΙΛΟΓΗ,ΔΙΔΕΣ,0
7969, ΚΑΛΩΔΙΟ ΗΛΕΚΤΡΟΔΟΤΗΣΗΣ 150Χ70,ΤΕΜΑΧΙΑ,,ΚΑΜΙΑ ΕΠΙΛΟΓΗ,ΚΑΜΙΑ ΕΠΙΛΟΓΗ,ΔΙΔΕΣ,0
7970, ΣΤΥΛΟΣ ΞΥΛΙΝΟΣ 12 ΜΕΤΡΩΝ,ΤΕΜΑΧΙΑ,,ΚΑΜΙΑ ΕΠΙΛΟΓΗ,ΚΑΜΙΑ ΕΠΙΛΟΓΗ,ΔΙΔΕΣ,0
7974, ΣΥΤΣΤΗΜΑ ΤΗΛΕΔΙΑΣΚΕΨΗΣ AVAYA SOLUTIONS PLATF,ΤΕΜΑΧΙΑ,,ΚΑΜΙΑ ΕΠΙΛΟΓΗ,ΚΑΜΙΑ ΕΠΙΛΟΓΗ,ΔΙΔΕΣ,0
7975, KAMEPA FULL HD VIDEO CONFERENC.SYSTEM,ΤΕΜΑΧΙΑ,,ΚΑΜΙΑ ΕΠΙΛΟΓΗ,ΚΑΜΙΑ ΕΠΙΛΟΓΗ,ΔΙΔΕΣ,0
7976, ΚΛΙΜΑΤ TOIXOY LG 24R,ΤΕΜΑΧΙΑ,,ΚΑΜΙΑ ΕΠΙΛΟΓΗ,ΚΑΜΙΑ ΕΠΙΛΟΓΗ,ΔΙΔΕΣ,0
7977, ΚΛΙΜΑΤ.ΜΟΝΑΔΑ ΤΥΠΟΥ ΚΑΣΕΤΑΣ 4 ΔΙΕΥΘ,ΤΕΜΑΧΙΑ,,ΚΑΜΙΑ ΕΠΙΛΟΓΗ,ΚΑΜΙΑ ΕΠΙΛΟΓΗ,ΔΙΔΕΣ,0
7978, ΚΑΝΑΛΑΤΗ ΚΛΙΜ.ΜΟΝΑΔΑ LGUU 70W,ΤΕΜΑΧΙΑ,,ΚΑΜΙΑ ΕΠΙΛΟΓΗ,ΚΑΜΙΑ ΕΠΙΛΟΓΗ,ΔΙΔΕΣ,0
7979, ΚΑΝΑΛΑΤΗ ΚΛΙΜ.ΜΟΝΑΔΑ LGUU85W,ΤΕΜΑΧΙΑ,,ΚΑΜΙΑ ΕΠΙΛΟΓΗ,ΚΑΜΙΑ ΕΠΙΛΟΓΗ,ΔΙΔΕΣ,0
7980, RACK SERVER POWER EDGE DELL,ΤΕΜΑΧΙΑ,,ΚΑΜΙΑ ΕΠΙΛΟΓΗ,ΚΑΜΙΑ ΕΠΙΛΟΓΗ,ΔΙΔΕΣ,0
7983, KEPAIA MIKROTIK METAL OMNI DIRECTIONAL,ΤΕΜΑΧΙΑ,,ΚΑΜΙΑ ΕΠΙΛΟΓΗ,ΚΑΜΙΑ ΕΠΙΛΟΓΗ,ΔΙΔΕΣ,0
7984, ΒΑΣΗ ΚΕΡΑΙΑΣ ΙΝΟΧ,ΤΕΜΑΧΙΑ,,ΚΑΜΙΑ ΕΠΙΛΟΓΗ,ΚΑΜΙΑ ΕΠΙΛΟΓΗ,ΔΙΔΕΣ,0
7985, ΤΕΡΜΑΤΙΚΟ ΕΦΑΡΜΟΓΗΣ (TABLET MLS),ΤΕΜΑΧΙΑ,,ΚΑΜΙΑ ΕΠΙΛΟΓΗ,ΚΑΜΙΑ ΕΠΙΛΟΓΗ,ΔΙΔΕΣ,0
7986, ΠΟΛΥΚΑΤΕΥΘΥΝΤΙΚΗ ΚΕΡΑΙΑ,ΤΕΜΑΧΙΑ,,ΚΑΜΙΑ ΕΠΙΛΟΓΗ,ΚΑΜΙΑ ΕΠΙΛΟΓΗ,ΔΙΔΕΣ,0
8076, ΨΥΚΤΙΚΗ ΜΟΝΑΔΑ 25.000 BTU,ΤΕΜΑΧΙΑ,,ΚΑΜΙΑ ΕΠΙΛΟΓΗ,ΚΑΜΙΑ ΕΠΙΛΟΓΗ,ΔΙΔΕΣ,0
8078, ΨΥΚΤΙΚΗ ΜΟΝΑΔΑ 12000 BTU,ΤΕΜΑΧΙΑ,,ΚΑΜΙΑ ΕΠΙΛΟΓΗ,ΚΑΜΙΑ ΕΠΙΛΟΓΗ,ΔΙΔΕΣ,0
8086, ΚΑΘΙΣΜΑ ΜΕ ΜΠΡΑΤΣΑ,ΤΕΜΑΧΙΑ,,ΚΑΜΙΑ ΕΠΙΛΟΓΗ,ΚΑΜΙΑ ΕΠΙΛΟΓΗ,ΔΙΔΕΣ,0
8087, ΚΑΘΙΣΜΑ ΜΕΤΑΛΛΙΚΟ,ΤΕΜΑΧΙΑ,,ΚΑΜΙΑ ΕΠΙΛΟΓΗ,ΚΑΜΙΑ ΕΠΙΛΟΓΗ,ΔΙΔΕΣ,0
8090, ΤΡΟΧΙΛ ΣΥΡΤΑΡΙΕΡΑ,ΤΕΜΑΧΙΑ,,ΚΑΜΙΑ ΕΠΙΛΟΓΗ,ΚΑΜΙΑ ΕΠΙΛΟΓΗ,ΔΙΔΕΣ,0
8099, ΘΕΡΜΟΣΙΦΩΝΟ 80lit,ΤΕΜΑΧΙΑ,,ΚΑΜΙΑ ΕΠΙΛΟΓΗ,ΚΑΜΙΑ ΕΠΙΛΟΓΗ,ΔΙΔΕΣ,0
8101, ΨΥΓΕΙΟ CANDY,ΤΕΜΑΧΙΑ,,ΚΑΜΙΑ ΕΠΙΛΟΓΗ,ΚΑΜΙΑ ΕΠΙΛΟΓΗ,ΔΙΔΕΣ,0
8125, ORA LE01 THE COMLETE REFER,ΤΕΜΑΧΙΑ,,ΚΑΜΙΑ ΕΠΙΛΟΓΗ,ΚΑΜΙΑ ΕΠΙΛΟΓΗ,ΔΙΔΕΣ,0
8126, UNLEASHEAD,ΤΕΜΑΧΙΑ,,ΚΑΜΙΑ ΕΠΙΛΟΓΗ,ΚΑΜΙΑ ΕΠΙΛΟΓΗ,ΔΙΔΕΣ,0
8127, MASTEPING WINDOWS,ΤΕΜΑΧΙΑ,,ΚΑΜΙΑ ΕΠΙΛΟΓΗ,ΚΑΜΙΑ ΕΠΙΛΟΓΗ,ΔΙΔΕΣ,0
8128, ΠΛΗΡΗ ΕΓΧΕΙΡΙΔΙΟ WINDOWS,ΤΕΜΑΧΙΑ,,ΚΑΜΙΑ ΕΠΙΛΟΓΗ,ΚΑΜΙΑ ΕΠΙΛΟΓΗ,ΔΙΔΕΣ,0
8138, ΓΕΝΝΗΤΡΙΑ ΤΟΝΟΥ,ΤΕΜΑΧΙΑ,,ΚΑΜΙΑ ΕΠΙΛΟΓΗ,ΚΑΜΙΑ ΕΠΙΛΟΓΗ,ΔΙΔΕΣ,0
8155, CISCO ISR 4331 UC BUNDLE PVDM4-32,ΤΕΜΑΧΙΑ,,ΚΑΜΙΑ ΕΠΙΛΟΓΗ,ΚΑΜΙΑ ΕΠΙΛΟΓΗ,ΔΙΔΕΣ,0
8250, ΕΠΑΝΑΦΟΡΤΥΝΟΣ ΣΥΣΣΩΡΕΥΤΗΣ Α28,ΤΕΜΑΧΙΑ,,ΚΑΜΙΑ ΕΠΙΛΟΓΗ,ΚΑΜΙΑ ΕΠΙΛΟΓΗ,ΔΙΔΕΣ,0
8251, PRINTER GODEX G300 (BARCODE),ΤΕΜΑΧΙΑ,,ΚΑΜΙΑ ΕΠΙΛΟΓΗ,ΚΑΜΙΑ ΕΠΙΛΟΓΗ,ΔΙΔΕΣ,0
8252, SYMBOL LS1203USB WITH STAND (BARCODE SCANNER),ΤΕΜΑΧΙΑ,,ΚΑΜΙΑ ΕΠΙΛΟΓΗ,ΚΑΜΙΑ ΕΠΙΛΟΓΗ,ΔΙΔΕΣ,0
8255, PRINTER GODEX G300 WITH BARCODE SCANNER,ΤΕΜΑΧΙΑ,,ΚΑΜΙΑ ΕΠΙΛΟΓΗ,ΚΑΜΙΑ ΕΠΙΛΟΓΗ,ΔΙΔΕΣ,0
8258, ΣΥΣΚΕΥΗ ΨΗΦΙΑΚΗ -4020 PREMIUM,ΤΕΜΑΧΙΑ,,ΚΑΜΙΑ ΕΠΙΛΟΓΗ,ΚΑΜΙΑ ΕΠΙΛΟΓΗ,ΔΙΔΕΣ,0
8259, ΑΝΑΛΟΓΙΚΗ ΣΥΣΚΕΥΗ TEMPORIS,ΤΕΜΑΧΙΑ,,ΚΑΜΙΑ ΕΠΙΛΟΓΗ,ΚΑΜΙΑ ΕΠΙΛΟΓΗ,ΔΙΔΕΣ,0
8260," SAMSUNG TV 50""",ΤΕΜΑΧΙΑ,,ΚΑΜΙΑ ΕΠΙΛΟΓΗ,ΚΑΜΙΑ ΕΠΙΛΟΓΗ,ΔΙΔΕΣ,0
8261," LG TV 50""",ΤΕΜΑΧΙΑ,,ΚΑΜΙΑ ΕΠΙΛΟΓΗ,ΚΑΜΙΑ ΕΠΙΛΟΓΗ,ΔΙΔΕΣ,0
8262, ΚΑΛΩΔΙΟ UTP,ΜΕΤΡΑ,,ΚΑΜΙΑ ΕΠΙΛΟΓΗ,ΚΑΜΙΑ ΕΠΙΛΟΓΗ,ΔΙΔΕΣ,0
8263, H/Y AMD 8GB,ΤΕΜΑΧΙΑ,,ΚΑΜΙΑ ΕΠΙΛΟΓΗ,ΚΑΜΙΑ ΕΠΙΛΟΓΗ,ΔΙΔΕΣ,0
8265, PATTON G.703 ΤΟ RS232 DB25M CONVERTER,ΤΕΜΑΧΙΑ,,ΚΑΜΙΑ ΕΠΙΛΟΓΗ,ΚΑΜΙΑ ΕΠΙΛΟΓΗ,ΔΙΔΕΣ,0
8266, H/Y HP DL360 R5 SERVER,ΤΕΜΑΧΙΑ,,ΚΑΜΙΑ ΕΠΙΛΟΓΗ,ΚΑΜΙΑ ΕΠΙΛΟΓΗ,ΔΙΔΕΣ,0
8267, OΘONH ASUS VGA/HDMI,ΤΕΜΑΧΙΑ,,ΚΑΜΙΑ ΕΠΙΛΟΓΗ,ΚΑΜΙΑ ΕΠΙΛΟΓΗ,ΔΙΔΕΣ,0
8270,ΚΑΛΩΔΙΟ 033667 DTE MALE SS-X21MT CISCO,ΤΕΜΑΧΙΑ,,ΚΑΜΙΑ ΕΠΙΛΟΓΗ,ΚΑΜΙΑ ΕΠΙΛΟΓΗ,ΔΙΔΕΣ,0
8274, H/Y P4 Q8400,ΤΕΜΑΧΙΑ,,ΚΑΜΙΑ ΕΠΙΛΟΓΗ,ΚΑΜΙΑ ΕΠΙΛΟΓΗ,ΔΙΔΕΣ,0
8275," ΟΘΟΝΗ PHILIPS 19""",ΤΕΜΑΧΙΑ,,ΚΑΜΙΑ ΕΠΙΛΟΓΗ,ΚΑΜΙΑ ΕΠΙΛΟΓΗ,ΔΙΔΕΣ,0
8276, PATTON G.703 NTU W/X.21 INTERFACE,ΤΕΜΑΧΙΑ,,ΚΑΜΙΑ ΕΠΙΛΟΓΗ,ΚΑΜΙΑ ΕΠΙΛΟΓΗ,ΔΙΔΕΣ,0
8280, NAS SERVER ΜΕ 4 HDD 500GB,ΤΕΜΑΧΙΑ,,ΚΑΜΙΑ ΕΠΙΛΟΓΗ,ΚΑΜΙΑ ΕΠΙΛΟΓΗ,ΔΙΔΕΣ,0
8282, NOTEBOOK DELL LATITUDE E5500,ΤΕΜΑΧΙΑ,,ΚΑΜΙΑ ΕΠΙΛΟΓΗ,ΚΑΜΙΑ ΕΠΙΛΟΓΗ,ΔΙΔΕΣ,0
8284, ΕΚΤΥΠΩΤΗΣ HP P2055 DN,ΤΕΜΑΧΙΑ,,ΚΑΜΙΑ ΕΠΙΛΟΓΗ,ΚΑΜΙΑ ΕΠΙΛΟΓΗ,ΔΙΔΕΣ,0
8285, UPS 1500VA APC SMART LIN.INTER,ΤΕΜΑΧΙΑ,,ΚΑΜΙΑ ΕΠΙΛΟΓΗ,ΚΑΜΙΑ ΕΠΙΛΟΓΗ,ΔΙΔΕΣ,0
8287, H/Y DELL PER 330/E3-1240V6,ΤΕΜΑΧΙΑ,,ΚΑΜΙΑ ΕΠΙΛΟΓΗ,ΚΑΜΙΑ ΕΠΙΛΟΓΗ,ΔΙΔΕΣ,0
8288, H/Y DELL OPTIPL 780DT/E8400 /2GB,ΤΕΜΑΧΙΑ,,ΚΑΜΙΑ ΕΠΙΛΟΓΗ,ΚΑΜΙΑ ΕΠΙΛΟΓΗ,ΔΙΔΕΣ,0
8289," MONITOR 19"" DELL E1910 LCD",ΤΕΜΑΧΙΑ,,ΚΑΜΙΑ ΕΠΙΛΟΓΗ,ΚΑΜΙΑ ΕΠΙΛΟΓΗ,ΔΙΔΕΣ,0
8290, PRN LEXMARK ΠΟΛΥΜΗΧΑΝΗΜΑ X204N,ΤΕΜΑΧΙΑ,,ΚΑΜΙΑ ΕΠΙΛΟΓΗ,ΚΑΜΙΑ ΕΠΙΛΟΓΗ,ΔΙΔΕΣ,0
8291, H/Y DELL SRV PE710/E5506/4GB,ΤΕΜΑΧΙΑ,,ΚΑΜΙΑ ΕΠΙΛΟΓΗ,ΚΑΜΙΑ ΕΠΙΛΟΓΗ,ΔΙΔΕΣ,0
8294, HWIC-4ESW 4-PORT 10/100 ETH SIC,ΤΕΜΑΧΙΑ,,ΚΑΜΙΑ ΕΠΙΛΟΓΗ,ΚΑΜΙΑ ΕΠΙΛΟΓΗ,ΔΙΔΕΣ,0
8295, CAB -SS-232MT RS232 CABLE 10FT,ΤΕΜΑΧΙΑ,,ΚΑΜΙΑ ΕΠΙΛΟΓΗ,ΚΑΜΙΑ ΕΠΙΛΟΓΗ,ΔΙΔΕΣ,0
8297, ROUTER CISCO 4221,ΤΕΜΑΧΙΑ,,ΚΑΜΙΑ ΕΠΙΛΟΓΗ,ΚΑΜΙΑ ΕΠΙΛΟΓΗ,ΔΙΔΕΣ,0
8298, CISCO NIM-IMFT-TI/EI,ΤΕΜΑΧΙΑ,,ΚΑΜΙΑ ΕΠΙΛΟΓΗ,ΚΑΜΙΑ ΕΠΙΛΟΓΗ,ΔΙΔΕΣ,0
8299, CISCO NIM-2T,ΤΕΜΑΧΙΑ,,ΚΑΜΙΑ ΕΠΙΛΟΓΗ,ΚΑΜΙΑ ΕΠΙΛΟΓΗ,ΔΙΔΕΣ,0
8303, HPLASER CLR M103fn ΠΟΛΥΜ 25694,ΤΕΜΑΧΙΑ,,ΚΑΜΙΑ ΕΠΙΛΟΓΗ,ΚΑΜΙΑ ΕΠΙΛΟΓΗ,ΔΙΔΕΣ,0
8304, ROUTER CISCO 2911 SEC /K9,ΤΕΜΑΧΙΑ,,ΚΑΜΙΑ ΕΠΙΛΟΓΗ,ΚΑΜΙΑ ΕΠΙΛΟΓΗ,ΔΙΔΕΣ,0
8306, SWITCH CISCO SG 250-08 -8P,ΤΕΜΑΧΙΑ,,ΚΑΜΙΑ ΕΠΙΛΟΓΗ,ΚΑΜΙΑ ΕΠΙΛΟΓΗ,ΔΙΔΕΣ,0
8307, ΟΠΤΙΚΟΣ ΚΑΤΑΝΕΜΗΤΗΣ 24 DUPLEX ΘΥΡΩΝ L,ΤΕΜΑΧΙΑ,,ΚΑΜΙΑ ΕΠΙΛΟΓΗ,ΚΑΜΙΑ ΕΠΙΛΟΓΗ,ΔΙΔΕΣ,0
8309, KVM SWITCH RACK MOUNTABLE,ΤΕΜΑΧΙΑ,,ΚΑΜΙΑ ΕΠΙΛΟΓΗ,ΚΑΜΙΑ ΕΠΙΛΟΓΗ,ΔΙΔΕΣ,0
8313, TWO PORT VOICE INTERFACE CARD,ΤΕΜΑΧΙΑ,,ΚΑΜΙΑ ΕΠΙΛΟΓΗ,ΚΑΜΙΑ ΕΠΙΛΟΓΗ,ΔΙΔΕΣ,0
8315, PVDM2-8 -RF 006084,ΤΕΜΑΧΙΑ,,ΚΑΜΙΑ ΕΠΙΛΟΓΗ,ΚΑΜΙΑ ΕΠΙΛΟΓΗ,ΔΙΔΕΣ,0
8316, PVDM2-16-RF 006085,ΤΕΜΑΧΙΑ,,ΚΑΜΙΑ ΕΠΙΛΟΓΗ,ΚΑΜΙΑ ΕΠΙΛΟΓΗ,ΔΙΔΕΣ,0
8317, PVDM3-16 006086,ΤΕΜΑΧΙΑ,,ΚΑΜΙΑ ΕΠΙΛΟΓΗ,ΚΑΜΙΑ ΕΠΙΛΟΓΗ,ΔΙΔΕΣ,0
8318, CISCO-DWS -C2960X -48TS -L 006260,ΤΕΜΑΧΙΑ,,ΚΑΜΙΑ ΕΠΙΛΟΓΗ,ΚΑΜΙΑ ΕΠΙΛΟΓΗ,ΔΙΔΕΣ,0
8321, CISCO-D WS-C2960+24TC-S (S),ΤΕΜΑΧΙΑ,,ΚΑΜΙΑ ΕΠΙΛΟΓΗ,ΚΑΜΙΑ ΕΠΙΛΟΓΗ,ΔΙΔΕΣ,0
8322, HP LASER ΠΟΛΥΜΗΧΑΝΗΜΑ,ΤΕΜΑΧΙΑ,,ΚΑΜΙΑ ΕΠΙΛΟΓΗ,ΚΑΜΙΑ ΕΠΙΛΟΓΗ,ΔΙΔΕΣ,0
8323, VWIC3 2MFT REF 006503,ΤΕΜΑΧΙΑ,,ΚΑΜΙΑ ΕΠΙΛΟΓΗ,ΚΑΜΙΑ ΕΠΙΛΟΓΗ,ΔΙΔΕΣ,0
8327, N PORT 5110A /T2 U V1 0,ΤΕΜΑΧΙΑ,,ΚΑΜΙΑ ΕΠΙΛΟΓΗ,ΚΑΜΙΑ ΕΠΙΛΟΓΗ,ΔΙΔΕΣ,0
8328, CISCO 2911 VOICE BUNDLE(S),ΤΕΜΑΧΙΑ,,ΚΑΜΙΑ ΕΠΙΛΟΓΗ,ΚΑΜΙΑ ΕΠΙΛΟΓΗ,ΔΙΔΕΣ,0
8329, CISCO SG 200-8,ΤΕΜΑΧΙΑ,,ΚΑΜΙΑ ΕΠΙΛΟΓΗ,ΚΑΜΙΑ ΕΠΙΛΟΓΗ,ΔΙΔΕΣ,0
8331, SCOPIA XT 4300,ΤΕΜΑΧΙΑ,,ΚΑΜΙΑ ΕΠΙΛΟΓΗ,ΚΑΜΙΑ ΕΠΙΛΟΓΗ,ΔΙΔΕΣ,0
8336, STORAGE W.D NAS CLOUD EX4100,ΤΕΜΑΧΙΑ,,ΚΑΜΙΑ ΕΠΙΛΟΓΗ,ΚΑΜΙΑ ΕΠΙΛΟΓΗ,ΔΙΔΕΣ,0
8337," HD 1TB W.DIGITAL 3.5"" SATA3 RED",ΤΕΜΑΧΙΑ,,ΚΑΜΙΑ ΕΠΙΛΟΓΗ,ΚΑΜΙΑ ΕΠΙΛΟΓΗ,ΔΙΔΕΣ,0
8345, ΣΥΣΚΕΥΗ SF-375 /TP ΠΟΛΥΜΗΧΑΝΗΜΑ INKJET,ΤΕΜΑΧΙΑ,,ΚΑΜΙΑ ΕΠΙΛΟΓΗ,ΚΑΜΙΑ ΕΠΙΛΟΓΗ,ΔΙΔΕΣ,0
8346, ΣΥΣΚΕΥΗ KX-FP215GR FAX ΑΠΛΟΥ ΧΑΡΤΙΟΥ,ΤΕΜΑΧΙΑ,,ΚΑΜΙΑ ΕΠΙΛΟΓΗ,ΚΑΜΙΑ ΕΠΙΛΟΓΗ,ΔΙΔΕΣ,0
8378, HP NOTEBOOK NX 7400i,ΤΕΜΑΧΙΑ,,ΚΑΜΙΑ ΕΠΙΛΟΓΗ,ΚΑΜΙΑ ΕΠΙΛΟΓΗ,ΔΙΔΕΣ,0
8382, ΦΟΡΗΤΟΣ Η/Y ACER,ΤΕΜΑΧΙΑ,,ΚΑΜΙΑ ΕΠΙΛΟΓΗ,ΚΑΜΙΑ ΕΠΙΛΟΓΗ,ΔΙΔΕΣ,0
8386, PRINTER HP P2015X,ΤΕΜΑΧΙΑ,,ΚΑΜΙΑ ΕΠΙΛΟΓΗ,ΚΑΜΙΑ ΕΠΙΛΟΓΗ,ΔΙΔΕΣ,0
8390, ΕΞΥΠΗΡΕΤΗΤΗΣ SERVER PY RX300S5 8X2.5,ΤΕΜΑΧΙΑ,,ΚΑΜΙΑ ΕΠΙΛΟΓΗ,ΚΑΜΙΑ ΕΠΙΛΟΓΗ,ΔΙΔΕΣ,0
8396, FAX PANASONIC KXFP205GR,ΤΕΜΑΧΙΑ,,ΚΑΜΙΑ ΕΠΙΛΟΓΗ,ΚΑΜΙΑ ΕΠΙΛΟΓΗ,ΔΙΔΕΣ,0
8397, ΣΥΣΤΗΜΑ ΤΗΛΕΔΙΑΣΚΕΨΗΣ VIDEO CONFER . LIFESIZE U,ΤΕΜΑΧΙΑ,,ΚΑΜΙΑ ΕΠΙΛΟΓΗ,ΚΑΜΙΑ ΕΠΙΛΟΓΗ,ΔΙΔΕΣ,0
8398, ΔΡΟΜΟΛΟΓΗΤΗΣ CISCO 2851,ΤΕΜΑΧΙΑ,,ΚΑΜΙΑ ΕΠΙΛΟΓΗ,ΚΑΜΙΑ ΕΠΙΛΟΓΗ,ΔΙΔΕΣ,0
8405, DVD-RW,ΤΕΜΑΧΙΑ,,ΚΑΜΙΑ ΕΠΙΛΟΓΗ,ΚΑΜΙΑ ΕΠΙΛΟΓΗ,ΔΙΔΕΣ,0
8409, ΚΛΙΜΑΤΙΣΤΙΚΟ MHXCURRIER38VCX06,ΤΕΜΑΧΙΑ,,ΚΑΜΙΑ ΕΠΙΛΟΓΗ,ΚΑΜΙΑ ΕΠΙΛΟΓΗ,ΔΙΔΕΣ,0
8410, ΜΗΧΑΝΗΜΑΤΑ CARRIER38YCX060,ΤΕΜΑΧΙΑ,,ΚΑΜΙΑ ΕΠΙΛΟΓΗ,ΚΑΜΙΑ ΕΠΙΛΟΓΗ,ΔΙΔΕΣ,0
8411, ΨΥΚΤΗΚΗ ΣΥΣΚΕΥΗ CARRIER ΕΣΩΤ,ΤΕΜΑΧΙΑ,,ΚΑΜΙΑ ΕΠΙΛΟΓΗ,ΚΑΜΙΑ ΕΠΙΛΟΓΗ,ΔΙΔΕΣ,0
8412, KAI/KO MHX MITSUBISHI 14000BTU,ΤΕΜΑΧΙΑ,,ΚΑΜΙΑ ΕΠΙΛΟΓΗ,ΚΑΜΙΑ ΕΠΙΛΟΓΗ,ΔΙΔΕΣ,0
8418, ΚΛΙΜΑΤΙΣΤΙΚΟ SAMSUNG ΕΣΩΤ,ΤΕΜΑΧΙΑ,,ΚΑΜΙΑ ΕΠΙΛΟΓΗ,ΚΑΜΙΑ ΕΠΙΛΟΓΗ,ΔΙΔΕΣ,0
8419, ΚΛΙΜΑΤΙΣΤΙΚΟ SAMSUNG ΕΞΩΤΕΡΙΚΟ,ΤΕΜΑΧΙΑ,,ΚΑΜΙΑ ΕΠΙΛΟΓΗ,ΚΑΜΙΑ ΕΠΙΛΟΓΗ,ΔΙΔΕΣ,0
8425, ALTEC PERFOMER 733,ΤΕΜΑΧΙΑ,,ΚΑΜΙΑ ΕΠΙΛΟΓΗ,ΚΑΜΙΑ ΕΠΙΛΟΓΗ,ΔΙΔΕΣ,0
8427, UPS POWERWALKER VFI-1500 LCD 006129,ΤΕΜΑΧΙΑ,,ΚΑΜΙΑ ΕΠΙΛΟΓΗ,ΚΑΜΙΑ ΕΠΙΛΟΓΗ,ΔΙΔΕΣ,0
8428," INET RACK 19"" 16U WALL MOUNTED S",ΤΕΜΑΧΙΑ,,ΚΑΜΙΑ ΕΠΙΛΟΓΗ,ΚΑΜΙΑ ΕΠΙΛΟΓΗ,ΔΙΔΕΣ,0
8432, NET RACK ΡΑΦΙ,ΤΕΜΑΧΙΑ,,ΚΑΜΙΑ ΕΠΙΛΟΓΗ,ΚΑΜΙΑ ΕΠΙΛΟΓΗ,ΔΙΔΕΣ,0
8434, ΚΑΛ.OPTICAL ST/SC,ΤΕΜΑΧΙΑ,,ΚΑΜΙΑ ΕΠΙΛΟΓΗ,ΚΑΜΙΑ ΕΠΙΛΟΓΗ,ΔΙΔΕΣ,0
8435," ΙΚΡΙΩΜΑΤΑ 19""",ΤΕΜΑΧΙΑ,,ΚΑΜΙΑ ΕΠΙΛΟΓΗ,ΚΑΜΙΑ ΕΠΙΛΟΓΗ,ΔΙΔΕΣ,0
8448, ΣΥΣΚΕΥΗ ΚΙΝΗΤΗΣ ΤΗΛΕΦΩΝΙΑΣ I-PHONE,ΤΕΜΑΧΙΑ,,ΚΑΜΙΑ ΕΠΙΛΟΓΗ,ΚΑΜΙΑ ΕΠΙΛΟΓΗ,ΔΙΔΕΣ,0
8452, MULTI KIN.SONY XPERIA DUAL 3993,ΤΕΜΑΧΙΑ,,ΚΑΜΙΑ ΕΠΙΛΟΓΗ,ΚΑΜΙΑ ΕΠΙΛΟΓΗ,ΔΙΔΕΣ,0
8454, ΚΙΝΗΤΟ ΤΗΛ.LENOVO MOTO CPLUS 2GB/16,ΤΕΜΑΧΙΑ,,ΚΑΜΙΑ ΕΠΙΛΟΓΗ,ΚΑΜΙΑ ΕΠΙΛΟΓΗ,ΔΙΔΕΣ,0
8455, ΚΙΝΗΤΟ ΤΗΛΕΦΩΝΟ HTC DESIRE 320,ΤΕΜΑΧΙΑ,,ΚΑΜΙΑ ΕΠΙΛΟΓΗ,ΚΑΜΙΑ ΕΠΙΛΟΓΗ,ΔΙΔΕΣ,0
8456, SEPURA SRP 2000 GPS,ΤΕΜΑΧΙΑ,,ΚΑΜΙΑ ΕΠΙΛΟΓΗ,ΚΑΜΙΑ ΕΠΙΛΟΓΗ,ΔΙΔΕΣ,0
8457, SEPURA TETRA ΜΠΑΤΑΡΙΑ 2000mah,ΤΕΜΑΧΙΑ,,ΚΑΜΙΑ ΕΠΙΛΟΓΗ,ΚΑΜΙΑ ΕΠΙΛΟΓΗ,ΔΙΔΕΣ,0
8466, IP PHONE WITH CAMERA,ΤΕΜΑΧΙΑ,,ΚΑΜΙΑ ΕΠΙΛΟΓΗ,ΚΑΜΙΑ ΕΠΙΛΟΓΗ,ΔΙΔΕΣ,0
8467, IP PHONE,ΤΕΜΑΧΙΑ,,ΚΑΜΙΑ ΕΠΙΛΟΓΗ,ΚΑΜΙΑ ΕΠΙΛΟΓΗ,ΔΙΔΕΣ,0
8471, T/K ALCATEL 4400 WMI,ΤΕΜΑΧΙΑ,,ΚΑΜΙΑ ΕΠΙΛΟΓΗ,ΚΑΜΙΑ ΕΠΙΛΟΓΗ,ΔΙΔΕΣ,0
8472, ΚΑΛΩΔΙΟ ΕΙΔΙΚΟ ΖΕΥΞΗΣ,ΤΕΜΑΧΙΑ,,ΚΑΜΙΑ ΕΠΙΛΟΓΗ,ΚΑΜΙΑ ΕΠΙΛΟΓΗ,ΔΙΔΕΣ,0
8475," ΚΑΛΩΔΙΟ 20""",ΤΕΜΑΧΙΑ,,ΚΑΜΙΑ ΕΠΙΛΟΓΗ,ΚΑΜΙΑ ΕΠΙΛΟΓΗ,ΔΙΔΕΣ,0
8477, POWER CPU-7 FOR ALCATEL 4400,ΤΕΜΑΧΙΑ,,ΚΑΜΙΑ ΕΠΙΛΟΓΗ,ΚΑΜΙΑ ΕΠΙΛΟΓΗ,ΔΙΔΕΣ,0
8478, POWER CPU-7-2 FOR ALCATEL 4400,ΤΕΜΑΧΙΑ,,ΚΑΜΙΑ ΕΠΙΛΟΓΗ,ΚΑΜΙΑ ΕΠΙΛΟΓΗ,ΔΙΔΕΣ,0
8479, ΒΑΣΗ ΜΕ ΔΥΟ ANEM,ΤΕΜΑΧΙΑ,,ΚΑΜΙΑ ΕΠΙΛΟΓΗ,ΚΑΜΙΑ ΕΠΙΛΟΓΗ,ΔΙΔΕΣ,0
8480, ΒΑΣΗ ΜΕ ΘΕΡΜΟΣΤΑΤΗ,ΤΕΜΑΧΙΑ,,ΚΑΜΙΑ ΕΠΙΛΟΓΗ,ΚΑΜΙΑ ΕΠΙΛΟΓΗ,ΔΙΔΕΣ,0
8481, ΣΤΟΙΧΕΙΑ 2V /420A 60PZ,ΤΕΜΑΧΙΑ,,ΚΑΜΙΑ ΕΠΙΛΟΓΗ,ΚΑΜΙΑ ΕΠΙΛΟΓΗ,ΔΙΔΕΣ,0
8482, ΣΥΣΣΩΡΕΥΤΗΣ 70 PZS 2V/490AH ERGON,ΤΕΜΑΧΙΑ,,ΚΑΜΙΑ ΕΠΙΛΟΓΗ,ΚΑΜΙΑ ΕΠΙΛΟΓΗ,ΔΙΔΕΣ,0
8485, ΛΟΓΙΣΜΙΚΟ OFFICE PRO PLUS 2007,ΤΕΜΑΧΙΑ,,ΚΑΜΙΑ ΕΠΙΛΟΓΗ,ΚΑΜΙΑ ΕΠΙΛΟΓΗ,ΔΙΔΕΣ,0
8488, ΤΕΧΝΙΚΑ ΕΓΧΕΙΡΙΔΙΑ,ΤΕΜΑΧΙΑ,,ΚΑΜΙΑ ΕΠΙΛΟΓΗ,ΚΑΜΙΑ ΕΠΙΛΟΓΗ,ΔΙΔΕΣ,0
8490, ΚΑΡΤΕΣ PRA 2 ΚΑΙ ABC,ΤΕΜΑΧΙΑ,,ΚΑΜΙΑ ΕΠΙΛΟΓΗ,ΚΑΜΙΑ ΕΠΙΛΟΓΗ,ΔΙΔΕΣ,0
8491, ΒΑΘΜΙΔΑ 32 ΨΗΦΙΑΚ,ΤΕΜΑΧΙΑ,,ΚΑΜΙΑ ΕΠΙΛΟΓΗ,ΚΑΜΙΑ ΕΠΙΛΟΓΗ,ΔΙΔΕΣ,0
8493, ΒΑΘΜΙΔΑ BRA-2 8ΠΡΟΣΒΑΣΕΩΝ,ΤΕΜΑΧΙΑ,,ΚΑΜΙΑ ΕΠΙΛΟΓΗ,ΚΑΜΙΑ ΕΠΙΛΟΓΗ,ΔΙΔΕΣ,0
8494, ΒΑΘΜΙΔΑ PRA-2 ΠΡΩΤΕΥΟΥΣΑΣ,ΤΕΜΑΧΙΑ,,ΚΑΜΙΑ ΕΠΙΛΟΓΗ,ΚΑΜΙΑ ΕΠΙΛΟΓΗ,ΔΙΔΕΣ,0
8495, ΒΑΘΜΙΔΑ UA-32 32 ΨΗΦΙΑΚΩΝ ΚΥΚΛ,ΤΕΜΑΧΙΑ,,ΚΑΜΙΑ ΕΠΙΛΟΓΗ,ΚΑΜΙΑ ΕΠΙΛΟΓΗ,ΔΙΔΕΣ,0
8496, ΒΑΘΜΙΔΑ ΔΙΑΣΥΝΔΕΣΗΣ ΚΥΡΙΟΥ ACT,ΤΕΜΑΧΙΑ,,ΚΑΜΙΑ ΕΠΙΛΟΓΗ,ΚΑΜΙΑ ΕΠΙΛΟΓΗ,ΔΙΔΕΣ,0
8497, ΚΑΡΤΑ Z -32 ΜΕΤΑ ΚΑΛΩΔΙΟΥ,ΤΕΜΑΧΙΑ,,ΚΑΜΙΑ ΕΠΙΛΟΓΗ,ΚΑΜΙΑ ΕΠΙΛΟΓΗ,ΔΙΔΕΣ,0
8499,ΕΚΤΥΠΩΤΗΣ LASER,ΤΕΜΑΧΙΑ,,ΚΑΜΙΑ ΕΠΙΛΟΓΗ,ΚΑΜΙΑ ΕΠΙΛΟΓΗ,ΔΙΔΕΣ,0
8500,ΣΑΡΩΤΗΣ Α3 SCANNERS,ΤΕΜΑΧΙΑ,,ΚΑΜΙΑ ΕΠΙΛΟΓΗ,ΚΑΜΙΑ ΕΠΙΛΟΓΗ,ΔΙΔΕΣ,0
8502,ΜΕΤΑΓΩΓΕΑΣ SWITCH,ΤΕΜΑΧΙΑ,,ΚΑΜΙΑ ΕΠΙΛΟΓΗ,ΚΑΜΙΑ ΕΠΙΛΟΓΗ,ΔΙΔΕΣ,0
8503,ΔΡΟΜΟΛΟΓΗΤΗΣ ROUTER,ΤΕΜΑΧΙΑ,,ΚΑΜΙΑ ΕΠΙΛΟΓΗ,ΚΑΜΙΑ ΕΠΙΛΟΓΗ,ΔΙΔΕΣ,0
8537,ΑΝΑΛΟΓΙΚΗ ΣΥΣΚΕΥΗ ΤIPTEL,ΤΕΜΑΧΙΑ,,ΚΑΜΙΑ ΕΠΙΛΟΓΗ,ΚΑΜΙΑ ΕΠΙΛΟΓΗ,ΔΙΔΕΣ,0
8538,ISDN ΤΗΛΕΦΩΝ ΣΥΣΚEYH TIPTEL190,ΤΕΜΑΧΙΑ,,ΚΑΜΙΑ ΕΠΙΛΟΓΗ,ΚΑΜΙΑ ΕΠΙΛΟΓΗ,ΔΙΔΕΣ,0
8545,H/Y DELL OPTIPL390MT/13/4G,ΤΕΜΑΧΙΑ,,ΚΑΜΙΑ ΕΠΙΛΟΓΗ,ΚΑΜΙΑ ΕΠΙΛΟΓΗ,ΔΙΔΕΣ,0
8546,CARD READER SMART/WRITER,ΤΕΜΑΧΙΑ,,ΚΑΜΙΑ ΕΠΙΛΟΓΗ,ΚΑΜΙΑ ΕΠΙΛΟΓΗ,ΔΙΔΕΣ,0
8547,CARD READER SMART / DEVELOP,ΤΕΜΑΧΙΑ,,ΚΑΜΙΑ ΕΠΙΛΟΓΗ,ΚΑΜΙΑ ΕΠΙΛΟΓΗ,ΔΙΔΕΣ,0
8548,CARD READER SMART /DEVELOP,ΤΕΜΑΧΙΑ,,ΚΑΜΙΑ ΕΠΙΛΟΓΗ,ΚΑΜΙΑ ΕΠΙΛΟΓΗ,ΔΙΔΕΣ,0
8557,ΠΟΛΥΜΗΧΑΝΗΜΑ HPOFFICEJET 6500,ΤΕΜΑΧΙΑ,,ΚΑΜΙΑ ΕΠΙΛΟΓΗ,ΚΑΜΙΑ ΕΠΙΛΟΓΗ,ΔΙΔΕΣ,0
8560,ΣΥΣΚΕΥΉ ANLGT -GPRS ΜΕ ΕΣΩΤ. ΕΞΩΤ. ΚΕΡΑΙΑ GPRS,ΤΕΜΑΧΙΑ,,ΚΑΜΙΑ ΕΠΙΛΟΓΗ,ΚΑΜΙΑ ΕΠΙΛΟΓΗ,ΔΙΔΕΣ,0
8561,ΚΑΡΤΕΣ GPRS TIM 6M / 10Μ,ΤΕΜΑΧΙΑ,,ΚΑΜΙΑ ΕΠΙΛΟΓΗ,ΚΑΜΙΑ ΕΠΙΛΟΓΗ,ΔΙΔΕΣ,0
8562,ΣΤΑΘΕΡΕΣ ΣΥΣΚΕΥΕΣ ΚΙΝΗΤΗΣ ΤΗΛΕΦΩΝΙΑΣ SIMADO G |,ΤΕΜΑΧΙΑ,,ΚΑΜΙΑ ΕΠΙΛΟΓΗ,ΚΑΜΙΑ ΕΠΙΛΟΓΗ,ΔΙΔΕΣ,0
8564,ΣΥΣΚΕΥΗ SWITCH 12PORT 10/100,ΤΕΜΑΧΙΑ,,ΚΑΜΙΑ ΕΠΙΛΟΓΗ,ΚΑΜΙΑ ΕΠΙΛΟΓΗ,ΔΙΔΕΣ,0
8565,ΤΗΛΕΦΩΝΙΚΗ ΣΥΣΚΕΥΗ YEALINK SIP - T40P,ΤΕΜΑΧΙΑ,,ΚΑΜΙΑ ΕΠΙΛΟΓΗ,ΚΑΜΙΑ ΕΠΙΛΟΓΗ,ΔΙΔΕΣ,0
8566,ΤΗΛΕΦΩΝΙΚΗ ΣΥΣΚΕΥΗ ΟΡTIPOINT 500ADVANCE,ΤΕΜΑΧΙΑ,,ΚΑΜΙΑ ΕΠΙΛΟΓΗ,ΚΑΜΙΑ ΕΠΙΛΟΓΗ,ΔΙΔΕΣ,0
8567,ΤΗΛΕΦΩΝΙΚΕΣ ΣΥΣΚΕΥΕΣ ALCATEL,ΤΕΜΑΧΙΑ,,ΚΑΜΙΑ ΕΠΙΛΟΓΗ,ΚΑΜΙΑ ΕΠΙΛΟΓΗ,ΔΙΔΕΣ,0
8577,ΘΥΓΑΤΡΙΚΕΣ ΚΑΡΤΕΣ CS-O,ΤΕΜΑΧΙΑ,,ΚΑΜΙΑ ΕΠΙΛΟΓΗ,ΚΑΜΙΑ ΕΠΙΛΟΓΗ,ΔΙΔΕΣ,0
8609,ESW 540 48K9 CISCO SWITCH_48P,ΤΕΜΑΧΙΑ,,ΚΑΜΙΑ ΕΠΙΛΟΓΗ,ΚΑΜΙΑ ΕΠΙΛΟΓΗ,ΔΙΔΕΣ,0
8612,KLIMA UNIT 9000BTU,ΤΕΜΑΧΙΑ,,ΚΑΜΙΑ ΕΠΙΛΟΓΗ,ΚΑΜΙΑ ΕΠΙΛΟΓΗ,ΔΙΔΕΣ,0
8639,ΣΥΣΤΗΜΑ ΑΥΤΟΜΑΤΗΣ ΠΡΟΑΠΑΝΤΗΣΗΣ(EVM2),ΤΕΜΑΧΙΑ,,ΚΑΜΙΑ ΕΠΙΛΟΓΗ,ΚΑΜΙΑ ΕΠΙΛΟΓΗ,ΔΙΔΕΣ,0
8640,ΚΑΡΤΑ ΚΑΤΑΓΡΑΦΗΣ 4 ΨΗΦΙΑΚΩΝ ΣΥΣΚΕΥΩΝ ( 4 PBXCH,ΤΕΜΑΧΙΑ,,ΚΑΜΙΑ ΕΠΙΛΟΓΗ,ΚΑΜΙΑ ΕΠΙΛΟΓΗ,ΔΙΔΕΣ,0
8654,NET CARD L.ONE OPT FNC -0104FX,ΤΕΜΑΧΙΑ,,ΚΑΜΙΑ ΕΠΙΛΟΓΗ,ΚΑΜΙΑ ΕΠΙΛΟΓΗ,ΔΙΔΕΣ,0
8655,ΚΑΛ . ΟΠΤΙΚΗΣ ΙΝΑΣ 30Μ ΠΟΛΥΤΡΟΠΗ,ΤΕΜΑΧΙΑ,,ΚΑΜΙΑ ΕΠΙΛΟΓΗ,ΚΑΜΙΑ ΕΠΙΛΟΓΗ,ΔΙΔΕΣ,0
8656,V35 CABLE DTE MALE 005784,ΤΕΜΑΧΙΑ,,ΚΑΜΙΑ ΕΠΙΛΟΓΗ,ΚΑΜΙΑ ΕΠΙΛΟΓΗ,ΔΙΔΕΣ,0
8658,RS-530 CABLE DTE MALE 005786,ΤΕΜΑΧΙΑ,,ΚΑΜΙΑ ΕΠΙΛΟΓΗ,ΚΑΜΙΑ ΕΠΙΛΟΓΗ,ΔΙΔΕΣ,0
8660,TWO - PORT VOICE INTERFACE CARD,ΤΕΜΑΧΙΑ,,ΚΑΜΙΑ ΕΠΙΛΟΓΗ,ΚΑΜΙΑ ΕΠΙΛΟΓΗ,ΔΙΔΕΣ,0
8661,8CHANNEL PACKET VOICE /FAX DSP,ΤΕΜΑΧΙΑ,,ΚΑΜΙΑ ΕΠΙΛΟΓΗ,ΚΑΜΙΑ ΕΠΙΛΟΓΗ,ΔΙΔΕΣ,0
8662,32 - CHANNEL PACKET VOICE /FAX DSP,ΤΕΜΑΧΙΑ,,ΚΑΜΙΑ ΕΠΙΛΟΓΗ,ΚΑΜΙΑ ΕΠΙΛΟΓΗ,ΔΙΔΕΣ,0
8663,64 CHANNEL PACKET VOICE /FAX DSP,ΤΕΜΑΧΙΑ,,ΚΑΜΙΑ ΕΠΙΛΟΓΗ,ΚΑΜΙΑ ΕΠΙΛΟΓΗ,ΔΙΔΕΣ,0
8664,FOUR PORT 10/100/1000 ETHERNET,ΤΕΜΑΧΙΑ,,ΚΑΜΙΑ ΕΠΙΛΟΓΗ,ΚΑΜΙΑ ΕΠΙΛΟΓΗ,ΔΙΔΕΣ,0
8680,HP COMPAQ DX6100,ΤΕΜΑΧΙΑ,,ΚΑΜΙΑ ΕΠΙΛΟΓΗ,ΚΑΜΙΑ ΕΠΙΛΟΓΗ,ΔΙΔΕΣ,0
8681,L173017 FLAT PANEL,ΤΕΜΑΧΙΑ,,ΚΑΜΙΑ ΕΠΙΛΟΓΗ,ΚΑΜΙΑ ΕΠΙΛΟΓΗ,ΔΙΔΕΣ,0
8685,DRUM TOSHIBA OD1600,ΤΕΜΑΧΙΑ,,ΚΑΜΙΑ ΕΠΙΛΟΓΗ,ΚΑΜΙΑ ΕΠΙΛΟΓΗ,ΔΙΔΕΣ,0
8686,HP MONITOR L1702 ΤΟNE,ΤΕΜΑΧΙΑ,,ΚΑΜΙΑ ΕΠΙΛΟΓΗ,ΚΑΜΙΑ ΕΠΙΛΟΓΗ,ΔΙΔΕΣ,0
8691,DP- 1520-PM ΨΗΦΙΑΚ ΦΩΤ /ΚΟ ΕΚΤΥΠ,ΤΕΜΑΧΙΑ,,ΚΑΜΙΑ ΕΠΙΛΟΓΗ,ΚΑΜΙΑ ΕΠΙΛΟΓΗ,ΔΙΔΕΣ,0
8693,KAPTA VIC 2-4FXO,ΤΕΜΑΧΙΑ,,ΚΑΜΙΑ ΕΠΙΛΟΓΗ,ΚΑΜΙΑ ΕΠΙΛΟΓΗ,ΔΙΔΕΣ,0
8696,ΛΟΓΙΣΜΙΚΟ BEAWER,ΤΕΜΑΧΙΑ,,ΚΑΜΙΑ ΕΠΙΛΟΓΗ,ΚΑΜΙΑ ΕΠΙΛΟΓΗ,ΔΙΔΕΣ,0
8698,UPS PULSAR EXTREME 1000C RACK,ΤΕΜΑΧΙΑ,,ΚΑΜΙΑ ΕΠΙΛΟΓΗ,ΚΑΜΙΑ ΕΠΙΛΟΓΗ,ΔΙΔΕΣ,0
8702,RACK 42V ΤΡΟΧΗΛΑΤΟ,ΤΕΜΑΧΙΑ,,ΚΑΜΙΑ ΕΠΙΛΟΓΗ,ΚΑΜΙΑ ΕΠΙΛΟΓΗ,ΔΙΔΕΣ,0
8703,CONVERTER LEVEL ONE,ΤΕΜΑΧΙΑ,,ΚΑΜΙΑ ΕΠΙΛΟΓΗ,ΚΑΜΙΑ ΕΠΙΛΟΓΗ,ΔΙΔΕΣ,0
8704,[POWER STRIP 6 PORTS,ΤΕΜΑΧΙΑ,,ΚΑΜΙΑ ΕΠΙΛΟΓΗ,ΚΑΜΙΑ ΕΠΙΛΟΓΗ,ΔΙΔΕΣ,0
8705,POWER STRIP 9 PORTS,ΤΕΜΑΧΙΑ,,ΚΑΜΙΑ ΕΠΙΛΟΓΗ,ΚΑΜΙΑ ΕΠΙΛΟΓΗ,ΔΙΔΕΣ,0
8706,ΟΠΤΙΚΟ PATCH PANEL 12 PORTS,ΤΕΜΑΧΙΑ,,ΚΑΜΙΑ ΕΠΙΛΟΓΗ,ΚΑΜΙΑ ΕΠΙΛΟΓΗ,ΔΙΔΕΣ,0
8709,CISCO SPA 122 ATA ROUTER,ΤΕΜΑΧΙΑ,,ΚΑΜΙΑ ΕΠΙΛΟΓΗ,ΚΑΜΙΑ ΕΠΙΛΟΓΗ,ΔΙΔΕΣ,0
8710,CISCO SPA 112 2 PORT ADAPTER,ΤΕΜΑΧΙΑ,,ΚΑΜΙΑ ΕΠΙΛΟΓΗ,ΚΑΜΙΑ ΕΠΙΛΟΓΗ,ΔΙΔΕΣ,0
8712,ΣΥΣΚΕΥΗ ΑΝΑΛΟΓΙΚΗ ALCATEL CE - 2 - A,ΤΕΜΑΧΙΑ,,ΚΑΜΙΑ ΕΠΙΛΟΓΗ,ΚΑΜΙΑ ΕΠΙΛΟΓΗ,ΔΙΔΕΣ,0
8717,ΚΛΙΜΑΤΙΣΤΙΚΟ LG - 18000 BTU,ΤΕΜΑΧΙΑ,,ΚΑΜΙΑ ΕΠΙΛΟΓΗ,ΚΑΜΙΑ ΕΠΙΛΟΓΗ,ΔΙΔΕΣ,0
8722,ΔΡΟΜΟΛΟΓΗΤΗΣ 3825 CISCO ΜΕ ΠΑΡΕΛΚΟΜΕΝΑ,ΤΕΜΑΧΙΑ,,ΚΑΜΙΑ ΕΠΙΛΟΓΗ,ΚΑΜΙΑ ΕΠΙΛΟΓΗ,ΔΙΔΕΣ,0
8723,ΔΙΑΚΟΠΤΗΣ 2960 ΔΙΚΤΥΩΝ CISCO 101492,ΤΕΜΑΧΙΑ,,ΚΑΜΙΑ ΕΠΙΛΟΓΗ,ΚΑΜΙΑ ΕΠΙΛΟΓΗ,ΔΙΔΕΣ,0
8741,GRAND STREAM GXW 4224 FXS,ΤΕΜΑΧΙΑ,,ΚΑΜΙΑ ΕΠΙΛΟΓΗ,ΚΑΜΙΑ ΕΠΙΛΟΓΗ,ΔΙΔΕΣ,0
8742,NET CARD SANGOMA,ΤΕΜΑΧΙΑ,,ΚΑΜΙΑ ΕΠΙΛΟΓΗ,ΚΑΜΙΑ ΕΠΙΛΟΓΗ,ΔΙΔΕΣ,0
8743,MODEM DLINK ADSL,ΤΕΜΑΧΙΑ,,ΚΑΜΙΑ ΕΠΙΛΟΓΗ,ΚΑΜΙΑ ΕΠΙΛΟΓΗ,ΔΙΔΕΣ,0
8744,ΝΤΟΥΛΑΠΑ ΜΕΛΑΜΙΝΗΣ 220Χ37,ΤΕΜΑΧΙΑ,,ΚΑΜΙΑ ΕΠΙΛΟΓΗ,ΚΑΜΙΑ ΕΠΙΛΟΓΗ,ΔΙΔΕΣ,0
8745,ΝΤΟΥΛΑΠΑ ΜΕΛΑΜΙΝΗΣ 200X42,ΤΕΜΑΧΙΑ,,ΚΑΜΙΑ ΕΠΙΛΟΓΗ,ΚΑΜΙΑ ΕΠΙΛΟΓΗ,ΔΙΔΕΣ,0
8756,ΚΑΡΤΑ ΣΥΝΔΕΣΗΣ U-200,ΤΕΜΑΧΙΑ,,ΚΑΜΙΑ ΕΠΙΛΟΓΗ,ΚΑΜΙΑ ΕΠΙΛΟΓΗ,ΔΙΔΕΣ,0
8757,NET RACK 42U UNIT,ΤΕΜΑΧΙΑ,,ΚΑΜΙΑ ΕΠΙΛΟΓΗ,ΚΑΜΙΑ ΕΠΙΛΟΓΗ,ΔΙΔΕΣ,0
8760,H /Y SERVER DELL 2950,ΤΕΜΑΧΙΑ,,ΚΑΜΙΑ ΕΠΙΛΟΓΗ,ΚΑΜΙΑ ΕΠΙΛΟΓΗ,ΔΙΔΕΣ,0
8761,ΣΕΤ ΠΛΗΚΤΡΟΛΟΓΙΟ - ΟΠΤΙΚΟ ΠΟΝΤΙΚΙ,ΤΕΜΑΧΙΑ,,ΚΑΜΙΑ ΕΠΙΛΟΓΗ,ΚΑΜΙΑ ΕΠΙΛΟΓΗ,ΔΙΔΕΣ,0
8762,H/Y HP COMPAQ 6200 Pro SFF,ΤΕΜΑΧΙΑ,,ΚΑΜΙΑ ΕΠΙΛΟΓΗ,ΚΑΜΙΑ ΕΠΙΛΟΓΗ,ΔΙΔΕΣ,0
0,CISCO 871,ΤΕΜΑΧΙΑ,,ΔΡΟΜΟΛΟΓΗΤΗΣ,ΔΙΔΕΣ ΔΙΚΤΥΑΚΟΣ ΕΞΟΠΛΙΣΜΟΣ,ΔΙΔΕΣ,0
0,CISCO 1751,ΤΕΜΑΧΙΑ,,ΔΡΟΜΟΛΟΓΗΤΗΣ,ΔΙΔΕΣ ΔΙΚΤΥΑΚΟΣ ΕΞΟΠΛΙΣΜΟΣ,ΔΙΔΕΣ,0
0,CISCO 2600,ΤΕΜΑΧΙΑ,,ΔΡΟΜΟΛΟΓΗΤΗΣ,ΔΙΔΕΣ ΔΙΚΤΥΑΚΟΣ ΕΞΟΠΛΙΣΜΟΣ,ΔΙΔΕΣ,0
0,CISCO 3600,ΤΕΜΑΧΙΑ,,ΔΡΟΜΟΛΟΓΗΤΗΣ,ΔΙΔΕΣ ΔΙΚΤΥΑΚΟΣ ΕΞΟΠΛΙΣΜΟΣ,ΔΙΔΕΣ,0
0,PANDATEL 64 Kbps,ΤΕΜΑΧΙΑ,,CONVERTER,ΔΙΔΕΣ ΔΙΚΤΥΑΚΟΣ ΕΞΟΠΛΙΣΜΟΣ,ΔΙΔΕΣ,0
0,Combiner,ΤΕΜΑΧΙΑ,,ΔΡΟΜΟΛΟΓΗΤΗΣ,ΔΙΔΕΣ ΔΙΚΤΥΑΚΟΣ ΕΞΟΠΛΙΣΜΟΣ,ΔΙΔΕΣ,0
0,CISCO 2911,ΤΕΜΑΧΙΑ,,ΔΡΟΜΟΛΟΓΗΤΗΣ,ΔΙΔΕΣ ΔΙΚΤΥΑΚΟΣ ΕΞΟΠΛΙΣΜΟΣ,ΔΙΔΕΣ,0
0,CISCO 1941,ΤΕΜΑΧΙΑ,,ΔΡΟΜΟΛΟΓΗΤΗΣ,ΔΙΔΕΣ ΔΙΚΤΥΑΚΟΣ ΕΞΟΠΛΙΣΜΟΣ,ΔΙΔΕΣ,0
0,CISCO 1921,ΤΕΜΑΧΙΑ,,ΔΡΟΜΟΛΟΓΗΤΗΣ,ΔΙΔΕΣ ΔΙΚΤΥΑΚΟΣ ΕΞΟΠΛΙΣΜΟΣ,ΔΙΔΕΣ,0
0,ALCATEL SWITCH 48 Port,ΤΕΜΑΧΙΑ,,SWITCH,ΔΙΔΕΣ ΔΙΚΤΥΑΚΟΣ ΕΞΟΠΛΙΣΜΟΣ,ΔΙΔΕΣ,0
0,SWITCH 2960C - 8TC-S,ΤΕΜΑΧΙΑ,,SWITCH,ΔΙΔΕΣ ΔΙΚΤΥΑΚΟΣ ΕΞΟΠΛΙΣΜΟΣ,ΔΙΔΕΣ,0
0,SWITCH 2960C - 24TC-S,ΤΕΜΑΧΙΑ,,SWITCH,ΔΙΔΕΣ ΔΙΚΤΥΑΚΟΣ ΕΞΟΠΛΙΣΜΟΣ,ΔΙΔΕΣ,0
0,Κάρτα HWIC – 1ADSL,ΤΕΜΑΧΙΑ,,MODULE,ΔΙΔΕΣ ΔΙΚΤΥΑΚΟΣ ΕΞΟΠΛΙΣΜΟΣ,ΔΙΔΕΣ,0
0,Κάρτα HWIC - 1T,ΤΕΜΑΧΙΑ,,MODULE,ΔΙΔΕΣ ΔΙΚΤΥΑΚΟΣ ΕΞΟΠΛΙΣΜΟΣ,ΔΙΔΕΣ,0
0,Κάρτα WIC - 1T (Παλαιού τύπου),ΤΕΜΑΧΙΑ,,MODULE,ΔΙΔΕΣ ΔΙΚΤΥΑΚΟΣ ΕΞΟΠΛΙΣΜΟΣ,ΔΙΔΕΣ,0
0,Κάρτα WIC - 2T,ΤΕΜΑΧΙΑ,,MODULE,ΔΙΔΕΣ ΔΙΚΤΥΑΚΟΣ ΕΞΟΠΛΙΣΜΟΣ,ΔΙΔΕΣ,0
0,Κάρτα VIC 3 – 4 FXS / DID,ΤΕΜΑΧΙΑ,,MODULE,ΔΙΔΕΣ ΔΙΚΤΥΑΚΟΣ ΕΞΟΠΛΙΣΜΟΣ,ΔΙΔΕΣ,0
0,Κάρτα VIC 3 – 2 FXS / DID,ΤΕΜΑΧΙΑ,,MODULE,ΔΙΔΕΣ ΔΙΚΤΥΑΚΟΣ ΕΞΟΠΛΙΣΜΟΣ,ΔΙΔΕΣ,0
0,Κάρτα VIC 3 – 4 FXS / DID,ΤΕΜΑΧΙΑ,,MODULE,ΔΙΔΕΣ ΔΙΚΤΥΑΚΟΣ ΕΞΟΠΛΙΣΜΟΣ,ΔΙΔΕΣ,0
0,Κάρτα VIC 3 – 2 FXS / DID,ΤΕΜΑΧΙΑ,,MODULE,ΔΙΔΕΣ ΔΙΚΤΥΑΚΟΣ ΕΞΟΠΛΙΣΜΟΣ,ΔΙΔΕΣ,0
0,Κάρτα VIC 2– 2 FXO,ΤΕΜΑΧΙΑ,,MODULE,ΔΙΔΕΣ ΔΙΚΤΥΑΚΟΣ ΕΞΟΠΛΙΣΜΟΣ,ΔΙΔΕΣ,0
0,Κάρτα VIC 2– 4 FXO,ΤΕΜΑΧΙΑ,,MODULE,ΔΙΔΕΣ ΔΙΚΤΥΑΚΟΣ ΕΞΟΠΛΙΣΜΟΣ,ΔΙΔΕΣ,0
0,Κάρτα EHWIC – 4 ESG,ΤΕΜΑΧΙΑ,,MODULE,ΔΙΔΕΣ ΔΙΚΤΥΑΚΟΣ ΕΞΟΠΛΙΣΜΟΣ,ΔΙΔΕΣ,0
0,Κάρτα PVDM 3-16,ΤΕΜΑΧΙΑ,,MODULE,ΔΙΔΕΣ ΔΙΚΤΥΑΚΟΣ ΕΞΟΠΛΙΣΜΟΣ,ΔΙΔΕΣ,0
0,Κάρτα PVDM 2-8,ΤΕΜΑΧΙΑ,,MODULE,ΔΙΔΕΣ ΔΙΚΤΥΑΚΟΣ ΕΞΟΠΛΙΣΜΟΣ,ΔΙΔΕΣ,0
0,Τροφοδοτικά Cisco 2800,ΤΕΜΑΧΙΑ,,MODULE,ΔΙΔΕΣ ΔΙΚΤΥΑΚΟΣ ΕΞΟΠΛΙΣΜΟΣ,ΔΙΔΕΣ,0
0,Κάρτα BRI 8B- S/T,ΤΕΜΑΧΙΑ,,MODULE,ΔΙΔΕΣ ΔΙΚΤΥΑΚΟΣ ΕΞΟΠΛΙΣΜΟΣ,ΔΙΔΕΣ,0
0,Κάρτα WIC 1 AM V2,ΤΕΜΑΧΙΑ,,MODULE,ΔΙΔΕΣ ΔΙΚΤΥΑΚΟΣ ΕΞΟΠΛΙΣΜΟΣ,ΔΙΔΕΣ,0
0,Κάρτα 1B- S/T,ΤΕΜΑΧΙΑ,,MODULE,ΔΙΔΕΣ ΔΙΚΤΥΑΚΟΣ ΕΞΟΠΛΙΣΜΟΣ,ΔΙΔΕΣ,0
0,FAST ETHERNET MEDIA CONVERTER,ΤΕΜΑΧΙΑ,,ΜΕΤΑΤΡΟΠΕΑΣ,ΔΙΔΕΣ ΔΙΚΤΥΑΚΟΣ ΕΞΟΠΛΙΣΜΟΣ,ΔΙΔΕΣ,0
0,Allied Telesis Extended Ethernet,ΤΕΜΑΧΙΑ,,LAN EXTENDER,ΔΙΔΕΣ ΔΙΚΤΥΑΚΟΣ ΕΞΟΠΛΙΣΜΟΣ,ΔΙΔΕΣ,0
0,ALCATEL ROUTER ,ΤΕΜΑΧΙΑ,,ΔΡΟΜΟΛΟΓΗΤΗΣ,ΔΙΔΕΣ ΔΙΚΤΥΑΚΟΣ ΕΞΟΠΛΙΣΜΟΣ,ΔΙΔΕΣ,0
0,Καλώδια Τροφοδοσίας,ΤΕΜΑΧΙΑ,,ΚΑΛΩΔΙΩΣΗ,ΔΙΔΕΣ ΔΙΚΤΥΑΚΟΣ ΕΞΟΠΛΙΣΜΟΣ,ΔΙΔΕΣ,0
0,Καλώδια κονσόλας,ΤΕΜΑΧΙΑ,,ΚΑΛΩΔΙΩΣΗ,ΔΙΔΕΣ ΔΙΚΤΥΑΚΟΣ ΕΞΟΠΛΙΣΜΟΣ,ΔΙΔΕΣ,0
0,Καλώδια V35-Smart serial,ΤΕΜΑΧΙΑ,,ΚΑΛΩΔΙΩΣΗ,ΔΙΔΕΣ ΔΙΚΤΥΑΚΟΣ ΕΞΟΠΛΙΣΜΟΣ,ΔΙΔΕΣ,0
0,Καλώδια X21-Smart serial,ΤΕΜΑΧΙΑ,,ΚΑΛΩΔΙΩΣΗ,ΔΙΔΕΣ ΔΙΚΤΥΑΚΟΣ ΕΞΟΠΛΙΣΜΟΣ,ΔΙΔΕΣ,0
0,Καλώδια RS530-Smart serial,ΤΕΜΑΧΙΑ,,ΚΑΛΩΔΙΩΣΗ,ΔΙΔΕΣ ΔΙΚΤΥΑΚΟΣ ΕΞΟΠΛΙΣΜΟΣ,ΔΙΔΕΣ,0
0,Καλώδια RS232-Smart serial,ΤΕΜΑΧΙΑ,,ΚΑΛΩΔΙΩΣΗ,ΔΙΔΕΣ ΔΙΚΤΥΑΚΟΣ ΕΞΟΠΛΙΣΜΟΣ,ΔΙΔΕΣ,0
0,Καλώδια BNC - RJ 45,ΤΕΜΑΧΙΑ,,ΚΑΛΩΔΙΩΣΗ,ΔΙΔΕΣ ΔΙΚΤΥΑΚΟΣ ΕΞΟΠΛΙΣΜΟΣ,ΔΙΔΕΣ,0
0,Racks,ΤΕΜΑΧΙΑ,,RACK,ΔΙΔΕΣ ΔΙΚΤΥΑΚΟΣ ΕΞΟΠΛΙΣΜΟΣ,ΔΙΔΕΣ,0
0,PANDATEL ,ΤΕΜΑΧΙΑ,,MODEM,ΔΙΔΕΣ ΔΙΚΤΥΑΚΟΣ ΕΞΟΠΛΙΣΜΟΣ,ΔΙΔΕΣ,0
0,PANDACOM,ΤΕΜΑΧΙΑ,,MODEM,ΔΙΔΕΣ ΔΙΚΤΥΑΚΟΣ ΕΞΟΠΛΙΣΜΟΣ,ΔΙΔΕΣ,0
0,Μετατροπείς G703-X21,ΤΕΜΑΧΙΑ,,ΜΕΤΑΤΡΟΠΕΑΣ,ΔΙΔΕΣ ΔΙΚΤΥΑΚΟΣ ΕΞΟΠΛΙΣΜΟΣ,ΔΙΔΕΣ,0
0,VTC LIFESIZE 50,ΤΕΜΑΧΙΑ,,ΣΥΣΤΗΜΑ ΤΗΛΕΔΙΑΣΚΕΨΗΣ,ΔΙΔΕΣ ΔΙΚΤΥΑΚΟΣ ΕΞΟΠΛΙΣΜΟΣ,ΔΙΔΕΣ,0
0,Ανυψωτήρες Rack,ΤΕΜΑΧΙΑ,,RACK,ΔΙΔΕΣ ΔΙΚΤΥΑΚΟΣ ΕΞΟΠΛΙΣΜΟΣ,ΔΙΔΕΣ,0
0,LG LED MONITOR 19’’,ΤΕΜΑΧΙΑ,,ΟΘΟΝΗ,ΣΔΑ ΠΥΡΣΕΙΑ,ΔΙΔΕΣ,0
0,H/Y QUEST,ΤΕΜΑΧΙΑ,,ΥΠΟΛΟΓΙΣΤΗΣ,ΣΔΑ ΠΥΡΣΕΙΑ,ΔΙΔΕΣ,0
0,ΕΞΩΤΕΡΙΚΕΣ ΔΙΣΚΕΤΕΣ,ΤΕΜΑΧΙΑ,,ΛΟΙΠΑ ΥΛΙΚΑ,ΣΔΑ ΠΥΡΣΕΙΑ,ΔΙΔΕΣ,0
0,HD 500G,ΤΕΜΑΧΙΑ,,ΕΞΩΤΕΡΙΚΟΙ ΔΙΣΚΟΙ,ΣΔΑ ΠΥΡΣΕΙΑ,ΔΙΔΕΣ,0
0,USB FLASH DRIVE,ΤΕΜΑΧΙΑ,,ΛΟΙΠΑ ΥΛΙΚΑ,ΣΔΑ ΠΥΡΣΕΙΑ,ΔΙΔΕΣ,0
0,SERVER HP DL 380,ΤΕΜΑΧΙΑ,,ΕΞΥΠΗΡΕΤΗΤΕΣ,ΣΔΑ ΠΥΡΣΕΙΑ,ΔΙΔΕΣ,0
0,Microtek ScanMaker (A3),ΤΕΜΑΧΙΑ,,ΛΟΙΠΑ ΥΛΙΚΑ,ΣΔΑ ΠΥΡΣΕΙΑ,ΔΙΔΕΣ,0
0,GIGASET DA 610,ΤΕΜΑΧΙΑ,,ΤΗΛΕΦΩΝΙΚΗ ΣΥΣΚΕΥΗ,ΕΨΑΔ-ΤΗΛΕΦΩΝΙΚΟ ΚΕΝΤΡΟ,ΔΙΔΕΣ,0
0,GIGASET NEC,ΤΕΜΑΧΙΑ,,ΤΗΛΕΦΩΝΙΚΗ ΣΥΣΚΕΥΗ,ΕΨΑΔ-ΤΗΛΕΦΩΝΙΚΟ ΚΕΝΤΡΟ,ΔΙΔΕΣ,0
0,ALCATEL 4035,ΤΕΜΑΧΙΑ,,ΤΗΛΕΦΩΝΙΚΗ ΣΥΣΚΕΥΗ,ΕΨΑΔ-ΤΗΛΕΦΩΝΙΚΟ ΚΕΝΤΡΟ,ΔΙΔΕΣ,0
0,ALCATEL 4010,ΤΕΜΑΧΙΑ,,ΤΗΛΕΦΩΝΙΚΗ ΣΥΣΚΕΥΗ,ΕΨΑΔ-ΤΗΛΕΦΩΝΙΚΟ ΚΕΝΤΡΟ,ΔΙΔΕΣ,0
0,Οθόνη IBM Τηλ.Κέντρου,ΤΕΜΑΧΙΑ,,ΟΘΟΝΗ,ΕΨΑΔ-ΤΗΛΕΦΩΝΙΚΟ ΚΕΝΤΡΟ,ΔΙΔΕΣ,0
0,Εξυπηρετητής IBM Τηλ.Κέντρου,ΤΕΜΑΧΙΑ,,ΕΞΥΠΗΡΕΤΗΤΕΣ,ΕΨΑΔ-ΤΗΛΕΦΩΝΙΚΟ ΚΕΝΤΡΟ,ΔΙΔΕΣ,0
0,Πολυμηχανήμα LEXMARK Χ204Ν,ΤΕΜΑΧΙΑ,,ΕΚΤΥΠΩΤΗΣ,ΚΡΥΠΤΟ,ΔΙΔΕΣ,0
0,DELL Οθόνες,ΤΕΜΑΧΙΑ,,ΟΘΟΝΗ,ΚΡΥΠΤΟ,ΔΙΔΕΣ,0
0,MGE Pulsar Extreme 1000,ΤΕΜΑΧΙΑ,,UPS,UPS,ΔΙΔΕΣ,0
0,APC Smart Ups 1400 XL,ΤΕΜΑΧΙΑ,,UPS,UPS,ΔΙΔΕΣ,0
0,Κομμάτια αντιστατικού Δαπέδου,ΤΕΜΑΧΙΑ,,ΛΟΙΠΑ ΥΛΙΚΑ,ΚΑΜΙΑ ΕΠΙΛΟΓΗ,ΔΙΔΕΣ,0
0,INTRACOM RCE,ΤΕΜΑΧΙΑ,,ΛΟΙΠΑ ΥΛΙΚΑ,ΚΑΜΙΑ ΕΠΙΛΟΓΗ,ΔΙΔΕΣ,0
0,Οθόνη HP W1972,ΤΕΜΑΧΙΑ,,ΛΟΙΠΑ ΥΛΙΚΑ,ΚΑΜΙΑ ΕΠΙΛΟΓΗ,ΔΙΔΕΣ,0
0,Πολυμηχανήμα Officejet ,ΤΕΜΑΧΙΑ,,ΛΟΙΠΑ ΥΛΙΚΑ,ΚΑΜΙΑ ΕΠΙΛΟΓΗ,ΔΙΔΕΣ,0
0,CISCO Router 1601 ,ΤΕΜΑΧΙΑ,,ΔΡΟΜΟΛΟΓΗΤΗΣ,ΚΑΜΙΑ ΕΠΙΛΟΓΗ,ΔΙΔΕΣ,0
0,CISCO Router 1751,ΤΕΜΑΧΙΑ,,ΔΡΟΜΟΛΟΓΗΤΗΣ,ΚΑΜΙΑ ΕΠΙΛΟΓΗ,ΔΙΔΕΣ,0
0,CISCO Router 1720,ΤΕΜΑΧΙΑ,,ΔΡΟΜΟΛΟΓΗΤΗΣ,ΚΑΜΙΑ ΕΠΙΛΟΓΗ,ΔΙΔΕΣ,0
0,CISCO Router 3600 ,ΤΕΜΑΧΙΑ,,ΔΡΟΜΟΛΟΓΗΤΗΣ,ΚΑΜΙΑ ΕΠΙΛΟΓΗ,ΔΙΔΕΣ,0
0,Υπολογιστής HP COMPAQ,ΤΕΜΑΧΙΑ,,ΛΟΙΠΑ ΥΛΙΚΑ,ΚΑΜΙΑ ΕΠΙΛΟΓΗ,ΔΙΔΕΣ,0
0,Κάρτα VIC 2FXS,ΤΕΜΑΧΙΑ,,ΛΟΙΠΑ ΥΛΙΚΑ,ΚΑΜΙΑ ΕΠΙΛΟΓΗ,ΔΙΔΕΣ,0
0,Κάρτα VIC 3 – 4 FXS / DID,ΤΕΜΑΧΙΑ,,ΛΟΙΠΑ ΥΛΙΚΑ,ΚΑΜΙΑ ΕΠΙΛΟΓΗ,ΔΙΔΕΣ,0
0,Κάρτα VWIC 1MFT – T1/E1,ΤΕΜΑΧΙΑ,,ΛΟΙΠΑ ΥΛΙΚΑ,ΚΑΜΙΑ ΕΠΙΛΟΓΗ,ΔΙΔΕΣ,0
0,Κάρτα WIC 2 A/S,ΤΕΜΑΧΙΑ,,ΛΟΙΠΑ ΥΛΙΚΑ,ΚΑΜΙΑ ΕΠΙΛΟΓΗ,ΔΙΔΕΣ,0
0,Κάρτα VWIC2 2MFT – G703,ΤΕΜΑΧΙΑ,,ΛΟΙΠΑ ΥΛΙΚΑ,ΚΑΜΙΑ ΕΠΙΛΟΓΗ,ΔΙΔΕΣ,0
0,Κάρτα WIC - 2T,ΤΕΜΑΧΙΑ,,ΛΟΙΠΑ ΥΛΙΚΑ,ΚΑΜΙΑ ΕΠΙΛΟΓΗ,ΔΙΔΕΣ,0
0,Κάρτα VWIC2 2MFT – T1/E1,ΤΕΜΑΧΙΑ,,ΛΟΙΠΑ ΥΛΙΚΑ,ΚΑΜΙΑ ΕΠΙΛΟΓΗ,ΔΙΔΕΣ,0
0,Module 2W,ΤΕΜΑΧΙΑ,,ΛΟΙΠΑ ΥΛΙΚΑ,ΚΑΜΙΑ ΕΠΙΛΟΓΗ,ΔΙΔΕΣ,0
0,Module Voice 2V,ΤΕΜΑΧΙΑ,,ΛΟΙΠΑ ΥΛΙΚΑ,ΚΑΜΙΑ ΕΠΙΛΟΓΗ,ΔΙΔΕΣ,0
0,PANDATEL,ΤΕΜΑΧΙΑ,,ΛΟΙΠΑ ΥΛΙΚΑ,ΚΑΜΙΑ ΕΠΙΛΟΓΗ,ΔΙΔΕΣ,0
0,ULAF Siemens,ΤΕΜΑΧΙΑ,,ΛΟΙΠΑ ΥΛΙΚΑ,ΚΑΜΙΑ ΕΠΙΛΟΓΗ,ΔΙΔΕΣ,0
0,ALCATEL Modem,ΤΕΜΑΧΙΑ,,ΛΟΙΠΑ ΥΛΙΚΑ,ΚΑΜΙΑ ΕΠΙΛΟΓΗ,ΔΙΔΕΣ,0
0,PANDATEL 64 Kbps,ΤΕΜΑΧΙΑ,,ΛΟΙΠΑ ΥΛΙΚΑ,ΚΑΜΙΑ ΕΠΙΛΟΓΗ,ΔΙΔΕΣ,0
0,Τροφοδοτικό Cisco 2800,ΤΕΜΑΧΙΑ,,ΛΟΙΠΑ ΥΛΙΚΑ,ΚΑΜΙΑ ΕΠΙΛΟΓΗ,ΔΙΔΕΣ,0
0,Οθόνη PHILIPS 170 C,ΤΕΜΑΧΙΑ,,ΛΟΙΠΑ ΥΛΙΚΑ,ΚΑΜΙΑ ΕΠΙΛΟΓΗ,ΔΙΔΕΣ,0
0,Οθόνη PHILIPS 190 WV,ΤΕΜΑΧΙΑ,,ΛΟΙΠΑ ΥΛΙΚΑ,ΚΑΜΙΑ ΕΠΙΛΟΓΗ,ΔΙΔΕΣ,0
0,Οθόνη HP 1730,ΤΕΜΑΧΙΑ,,ΛΟΙΠΑ ΥΛΙΚΑ,ΚΑΜΙΑ ΕΠΙΛΟΓΗ,ΔΙΔΕΣ,0
0,Οθόνη L170 C,ΤΕΜΑΧΙΑ,,ΛΟΙΠΑ ΥΛΙΚΑ,ΚΑΜΙΑ ΕΠΙΛΟΓΗ,ΔΙΔΕΣ,0
751,ΤΕΧΝΙΚΑ ΕΓΧΕΙΡΙΔΙΑ,ΤΕΜΑΧΙΑ,,ΚΑΜΙΑ ΕΠΙΛΟΓΗ,ΔΟΡΥΦΟΡΙΚΑ,ΔΟΡΥΦΟΡΙΚΑ,4
798,Τ.Δ.FD177/RACAL/PRM4720B,ΤΕΜΑΧΙΑ,,ΚΑΜΙΑ ΕΠΙΛΟΓΗ,ΔΟΡΥΦΟΡΙΚΑ,ΔΟΡΥΦΟΡΙΚΑ,10
1005,MINI LINK ROUTERBOARD 2X16 db(MIKROTIK),ΤΕΜΑΧΙΑ,,ΚΑΜΙΑ ΕΠΙΛΟΓΗ,ΔΟΡΥΦΟΡΙΚΑ,ΔΟΡΥΦΟΡΙΚΑ,8
1509,ΤΡΟΦΟΔΟΤΙΚΟ ΜΕΚΑΛΩΔΙΟ ΣΥΝΔΕΣ,ΤΕΜΑΧΙΑ,,ΚΑΜΙΑ ΕΠΙΛΟΓΗ,ΔΟΡΥΦΟΡΙΚΑ,ΔΟΡΥΦΟΡΙΚΑ,6
1521,ΚΑΛΩΔΙΟ ΤΕΤΡΑΠΟΛΙΚΟ,ΜΕΤΡΑ,,ΚΑΜΙΑ ΕΠΙΛΟΓΗ,ΔΟΡΥΦΟΡΙΚΑ,ΔΟΡΥΦΟΡΙΚΑ,3625
1522,ΑΤΡΑΚΤΟΙ DR-8,ΤΕΜΑΧΙΑ,,ΚΑΜΙΑ ΕΠΙΛΟΓΗ,ΔΟΡΥΦΟΡΙΚΑ,ΔΟΡΥΦΟΡΙΚΑ,13
1569,ΑΤΡΑΚΤΟΙ ΠΡΟΤΟΝΩΝ RL-28,ΤΕΜΑΧΙΑ,,ΚΑΜΙΑ ΕΠΙΛΟΓΗ,ΔΟΡΥΦΟΡΙΚΑ,ΔΟΡΥΦΟΡΙΚΑ,10
1621,ΦΟΡΤΙΣΤΗΣ ΜΠΑΤΑΡΙΑΣ,ΤΕΜΑΧΙΑ,,ΚΑΜΙΑ ΕΠΙΛΟΓΗ,ΔΟΡΥΦΟΡΙΚΑ,ΔΟΡΥΦΟΡΙΚΑ,20
1622,ΔΟΡΥΦΟΡΙΚΟ ΤΕΡΜΑΤΙΚΟ THURAYA MAINSTREAM,ΤΕΜΑΧΙΑ,,ΚΑΜΙΑ ΕΠΙΛΟΓΗ,ΔΟΡΥΦΟΡΙΚΑ,ΔΟΡΥΦΟΡΙΚΑ,1
1623,MODEM,ΤΕΜΑΧΙΑ,,ΚΑΜΙΑ ΕΠΙΛΟΓΗ,ΔΟΡΥΦΟΡΙΚΑ,ΔΟΡΥΦΟΡΙΚΑ,1
1624,ΔΟΡΥΦΟΡΙΚΟ ΤΗΛΕΦΩΝΟ IRIDIUM 9575,ΤΕΜΑΧΙΑ,,ΚΑΜΙΑ ΕΠΙΛΟΓΗ,ΔΟΡΥΦΟΡΙΚΑ,ΔΟΡΥΦΟΡΙΚΑ,2
1627,ΔΟΡΥΦΟΡΙΚΟ ΤΗΛΕΦΩΝΟ IRIDIUM 9555,ΤΕΜΑΧΙΑ,,ΚΑΜΙΑ ΕΠΙΛΟΓΗ,ΔΟΡΥΦΟΡΙΚΑ,ΔΟΡΥΦΟΡΙΚΑ,2
5968,ΣΥΣΤΗΜΑ ΔΟΡΥΦΟΡΙΚΟΥ ΤΕΡΜΑΤΙΚΟΥ ΥΨΗΛΩΝ ΡΥΘΜ,ΤΕΜΑΧΙΑ,,ΚΑΜΙΑ ΕΠΙΛΟΓΗ,ΔΟΡΥΦΟΡΙΚΑ,ΔΟΡΥΦΟΡΙΚΑ,11
5976,ΔΟΡΥΦΟΡΙΚΟΣ ΕΝΙΣΧΥΤΗΣ 4W ACTOX,ΤΕΜΑΧΙΑ,,ΚΑΜΙΑ ΕΠΙΛΟΓΗ,ΔΟΡΥΦΟΡΙΚΑ,ΔΟΡΥΦΟΡΙΚΑ,6
5978,LNB ΔΟΡΥΦΟΡΙΚΟΣ ΔΕΚΤΗΣ SAT-4,ΤΕΜΑΧΙΑ,,ΚΑΜΙΑ ΕΠΙΛΟΓΗ,ΔΟΡΥΦΟΡΙΚΑ,ΔΟΡΥΦΟΡΙΚΑ,5
5986,UBIQUITI AF-5XHD AIRFIBER 5XH (MINI LINK 20-100 ΧΛ,ΤΕΜΑΧΙΑ,,ΚΑΜΙΑ ΕΠΙΛΟΓΗ,ΔΟΡΥΦΟΡΙΚΑ,ΔΟΡΥΦΟΡΙΚΑ,2
5987,ΚΕΡΑΙΑ ROCKET DISH 972MM RADOME (MINI LINK 100-2,ΤΕΜΑΧΙΑ,,ΚΑΜΙΑ ΕΠΙΛΟΓΗ,ΔΟΡΥΦΟΡΙΚΑ,ΔΟΡΥΦΟΡΙΚΑ,8
5988,ΖΕΥΓΟΣ ΜΙΚΡ/ΚΩΝ ΣΥΣΤΗΜ.(ROUTERBOARD RBLHG),ΤΕΜΑΧΙΑ,,ΚΑΜΙΑ ΕΠΙΛΟΓΗ,ΔΟΡΥΦΟΡΙΚΑ,ΔΟΡΥΦΟΡΙΚΑ,6
5993,ROUTERBOARD CCR1016 12G,ΤΕΜΑΧΙΑ,,ΚΑΜΙΑ ΕΠΙΛΟΓΗ,ΔΟΡΥΦΟΡΙΚΑ,ΔΟΡΥΦΟΡΙΚΑ,2
5995,MIKROTIK RB1100AHX4 ROUTER,ΤΕΜΑΧΙΑ,,ΚΑΜΙΑ ΕΠΙΛΟΓΗ,ΔΟΡΥΦΟΡΙΚΑ,ΔΟΡΥΦΟΡΙΚΑ,22
5999,Σ/Α HF/SSB ΦΟΡΗΤΟΣ ΚΑΝΟΝΙΚΗΣ ΙΣΧΥΟΣ,ΤΕΜΑΧΙΑ,,ΚΑΜΙΑ ΕΠΙΛΟΓΗ,ΔΟΡΥΦΟΡΙΚΑ,ΔΟΡΥΦΟΡΙΚΑ,1
6049,ΚΑΛΩΔΙΟ ΔΙΑΣΥΝΔΕΣΗΣ ΔΕΔΟΜΕΝΩΝ CBF 305/V3,ΤΕΜΑΧΙΑ,,ΚΑΜΙΑ ΕΠΙΛΟΓΗ,ΔΟΡΥΦΟΡΙΚΑ,ΔΟΡΥΦΟΡΙΚΑ,5
6050,ΚΑΛΩΔΙΑ ΔΙΑΣΥΝΔΕΣΗΣ ΔΕΔΟΜΕΝΩΝ,ΤΕΜΑΧΙΑ,,ΚΑΜΙΑ ΕΠΙΛΟΓΗ,ΔΟΡΥΦΟΡΙΚΑ,ΔΟΡΥΦΟΡΙΚΑ,6
6052,ΚΑΛΩΔ ΑΝΑΜΕΤ CBF-209,ΤΕΜΑΧΙΑ,,ΚΑΜΙΑ ΕΠΙΛΟΓΗ,ΔΟΡΥΦΟΡΙΚΑ,ΔΟΡΥΦΟΡΙΚΑ,13
6054,Σ/Α HF/SSB ΟΧΗΜΑΤΟΣ ΚΑΝ/ΥΨΗΛ ΙΣΧΥΟΣ TRC-3600,ΤΕΜΑΧΙΑ,,ΚΑΜΙΑ ΕΠΙΛΟΓΗ,ΔΟΡΥΦΟΡΙΚΑ,ΔΟΡΥΦΟΡΙΚΑ,3
6132,ΔΟΡΥΦΟΡΙΚΟ ΤΕΡΜΑΤΙΚΟ IRIDIUM 9505A,ΤΕΜΑΧΙΑ,,ΚΑΜΙΑ ΕΠΙΛΟΓΗ,ΔΟΡΥΦΟΡΙΚΑ,ΔΟΡΥΦΟΡΙΚΑ,2
6151,ΔΙΑΧΩΡΙΣΤΙΚΗ ΟΡΙΟΛΩΡ 10,ΤΕΜΑΧΙΑ,,ΚΑΜΙΑ ΕΠΙΛΟΓΗ,ΔΟΡΥΦΟΡΙΚΑ,ΔΟΡΥΦΟΡΙΚΑ,10
6255,Σ/Α ΦΟΡΗΤΟΣ ΧΑΜΗΛΗΣ ΙΣΧΥΟΣ PRC-9200,ΤΕΜΑΧΙΑ,,ΚΑΜΙΑ ΕΠΙΛΟΓΗ,ΔΟΡΥΦΟΡΙΚΑ,ΔΟΡΥΦΟΡΙΚΑ,6
6262,Σ/Α ΑΝ /PRC-77,ΤΕΜΑΧΙΑ,,ΚΑΜΙΑ ΕΠΙΛΟΓΗ,ΔΟΡΥΦΟΡΙΚΑ,ΔΟΡΥΦΟΡΙΚΑ,4
6268,ΗΛΕΚΤΡΙΚΟΣ ΠΙΝΑΚΑΣ ΠΛΗΡΗΣ,ΤΕΜΑΧΙΑ,,ΚΑΜΙΑ ΕΠΙΛΟΓΗ,ΔΟΡΥΦΟΡΙΚΑ,ΔΟΡΥΦΟΡΙΚΑ,4
6269,ΚΑΤΑΝΕΜΗΤΗΣ ΞΩΤ. ΧΩΡΟΥ ΣΤΕΓΑΝΟΣ,ΤΕΜΑΧΙΑ,,ΚΑΜΙΑ ΕΠΙΛΟΓΗ,ΔΟΡΥΦΟΡΙΚΑ,ΔΟΡΥΦΟΡΙΚΑ,4
6270,ΙΚΡΙΩΜΑ ΕΞΟΠΛ. RACK 22''U ΜΕ ΔΥΟ(2) PATCH PANEL 2,ΤΕΜΑΧΙΑ,,ΚΑΜΙΑ ΕΠΙΛΟΓΗ,ΔΟΡΥΦΟΡΙΚΑ,ΔΟΡΥΦΟΡΙΚΑ,4
6276,ΣΥΛΛΟΓΗ ΠΡΟΣΔΕΣΕΩΝ ΚΛΩΒΟΥ,ΤΕΜΑΧΙΑ,,ΚΑΜΙΑ ΕΠΙΛΟΓΗ,ΔΟΡΥΦΟΡΙΚΑ,ΔΟΡΥΦΟΡΙΚΑ,4
6277,ΠΑΓΚΟΣ ΕΡΓΑΣΙΑΣ MDF 170X50X75,ΤΕΜΑΧΙΑ,,ΚΑΜΙΑ ΕΠΙΛΟΓΗ,ΔΟΡΥΦΟΡΙΚΑ,ΔΟΡΥΦΟΡΙΚΑ,4
6278,ΣΥΛΛΟΓΗ ΓΕΙΩΣΕΩΣ,ΤΕΜΑΧΙΑ,,ΚΑΜΙΑ ΕΠΙΛΟΓΗ,ΔΟΡΥΦΟΡΙΚΑ,ΔΟΡΥΦΟΡΙΚΑ,4
6279,ΒΑΣΗ ΕΓΚΑΤΑΣΤΑΣΗΣ ΔΟΡΥΦ. ΚΕΡΑΙΑΣ FLYAWAY,ΤΕΜΑΧΙΑ,,ΚΑΜΙΑ ΕΠΙΛΟΓΗ,ΔΟΡΥΦΟΡΙΚΑ,ΔΟΡΥΦΟΡΙΚΑ,4
6280,ROUTER MIKROTIK CCR 1036-8G-2S,ΤΕΜΑΧΙΑ,,ΚΑΜΙΑ ΕΠΙΛΟΓΗ,ΔΟΡΥΦΟΡΙΚΑ,ΔΟΡΥΦΟΡΙΚΑ,15
6281,ΜΗΧΑΝΙΣΜΟΣ ΡΥΘΜΙΣΗΣ ΠΟΛΩΣΗΣ ΚΕΡΑΙΑΣ FLYAWAY,ΤΕΜΑΧΙΑ,,ΚΑΜΙΑ ΕΠΙΛΟΓΗ,ΔΟΡΥΦΟΡΙΚΑ,ΔΟΡΥΦΟΡΙΚΑ,4
6282,ΜΗΧΑΝΙΣΜΟΣ ΚΙΝΗΣΗΣ ΚΑΤΆ ΑΖΙΜΟΥΘΙΟ ΚΕΡΑΙΑΣ FL,ΤΕΜΑΧΙΑ,,ΚΑΜΙΑ ΕΠΙΛΟΓΗ,ΔΟΡΥΦΟΡΙΚΑ,ΔΟΡΥΦΟΡΙΚΑ,4
6283,ΜΗΧΑΝΙΣΜΟΣ ΑΝΥΨΩΣΗΣ ΚΕΡΑΙΑΣ FLYAWAY,ΤΕΜΑΧΙΑ,,ΚΑΜΙΑ ΕΠΙΛΟΓΗ,ΔΟΡΥΦΟΡΙΚΑ,ΔΟΡΥΦΟΡΙΚΑ,4
6284,ΚΑΛΩΔΙΟ ΦΟΡΤΩΣΗΣ ΔΕΔΟΜ. FILL DEVICE DS-101,ΤΕΜΑΧΙΑ,,ΚΑΜΙΑ ΕΠΙΛΟΓΗ,ΔΟΡΥΦΟΡΙΚΑ,ΔΟΡΥΦΟΡΙΚΑ,20
7700,ΣΗΜΕΙΟ ΠΡΟΣΒΑΣΗΣ 5GHZ,ΤΕΜΑΧΙΑ,,ΚΑΜΙΑ ΕΠΙΛΟΓΗ,ΔΟΡΥΦΟΡΙΚΑ,ΔΟΡΥΦΟΡΙΚΑ,6
7701,ΠΟΜΠΟΔΕΚΤΗΣ MSMS,ΤΕΜΑΧΙΑ,,ΚΑΜΙΑ ΕΠΙΛΟΓΗ,ΔΟΡΥΦΟΡΙΚΑ,ΔΟΡΥΦΟΡΙΚΑ,4
7702,ΠΟΜΠΟΔΕΚΤΗΣ GBE-LR,ΤΕΜΑΧΙΑ,,ΚΑΜΙΑ ΕΠΙΛΟΓΗ,ΔΟΡΥΦΟΡΙΚΑ,ΔΟΡΥΦΟΡΙΚΑ,4
7703,TRANSCEIVER UBIQUITI R5AC LITE (ΠΟΜΠΟΔΕΚΤΗΣ),ΤΕΜΑΧΙΑ,,ΚΑΜΙΑ ΕΠΙΛΟΓΗ,ΔΟΡΥΦΟΡΙΚΑ,ΔΟΡΥΦΟΡΙΚΑ,6
7704,UBIQUITI AF5XHD AIRFIBER 5XH (ΠΟΜΠΟΔΕΚΤΗΣ),ΤΕΜΑΧΙΑ,,ΚΑΜΙΑ ΕΠΙΛΟΓΗ,ΔΟΡΥΦΟΡΙΚΑ,ΔΟΡΥΦΟΡΙΚΑ,8
7705,ΠΟΜΠΟΔΕΚΤΗς RB MetalLG-52SHP can,ΤΕΜΑΧΙΑ,,ΚΑΜΙΑ ΕΠΙΛΟΓΗ,ΔΟΡΥΦΟΡΙΚΑ,ΔΟΡΥΦΟΡΙΚΑ,2
7706,RD.RD2 (ΠΡΟΣΤΑΤΕΥΤΙΚΟ ΚΑΛΥΜΜΑ),ΤΕΜΑΧΙΑ,,ΚΑΜΙΑ ΕΠΙΛΟΓΗ,ΔΟΡΥΦΟΡΙΚΑ,ΔΟΡΥΦΟΡΙΚΑ,8
7707,ΠΟΜΠΟΔΕΚΤΗς RBLHG-5HPnD-XL,ΤΕΜΑΧΙΑ,,ΚΑΜΙΑ ΕΠΙΛΟΓΗ,ΔΟΡΥΦΟΡΙΚΑ,ΔΟΡΥΦΟΡΙΚΑ,2
7708,ΠΟΜΠΟΔΕΚΤΗΣ RBLHYG-2nD-XL,ΤΕΜΑΧΙΑ,,ΚΑΜΙΑ ΕΠΙΛΟΓΗ,ΔΟΡΥΦΟΡΙΚΑ,ΔΟΡΥΦΟΡΙΚΑ,5
7709,ΔΙΠΛΕΚΤΗΣ ΧΑΜΗΛΗΣ ΜΠΑΝΤΑΣ AF-11-DNP-L,ΤΕΜΑΧΙΑ,,ΚΑΜΙΑ ΕΠΙΛΟΓΗ,ΔΟΡΥΦΟΡΙΚΑ,ΔΟΡΥΦΟΡΙΚΑ,3
7710,ΔΙΠΛΕΚΤΗΣ ΧΑΜΗΛΗΣ ΜΠΑΝΤΑΣ AF-11-DVP-H,ΤΕΜΑΧΙΑ,,ΚΑΜΙΑ ΕΠΙΛΟΓΗ,ΔΟΡΥΦΟΡΙΚΑ,ΔΟΡΥΦΟΡΙΚΑ,3
7711,ΠΟΜΠΟΔΕΚΤΗΣ AF-11,ΤΕΜΑΧΙΑ,,ΚΑΜΙΑ ΕΠΙΛΟΓΗ,ΔΟΡΥΦΟΡΙΚΑ,ΔΟΡΥΦΟΡΙΚΑ,2
7712,ΑΝΑΜΕΤΑΔΟΤΗΣ WIFI PE 505X,ΤΕΜΑΧΙΑ,,ΚΑΜΙΑ ΕΠΙΛΟΓΗ,ΔΟΡΥΦΟΡΙΚΑ,ΔΟΡΥΦΟΡΙΚΑ,2
7895,ΕΝΙΣΧΥΤΗΣ 4WATT,ΤΕΜΑΧΙΑ,,ΚΑΜΙΑ ΕΠΙΛΟΓΗ,ΔΟΡΥΦΟΡΙΚΑ,ΔΟΡΥΦΟΡΙΚΑ,1
7896,ΕΝΙΣΧΥΤΗΣ 16  WATT,ΤΕΜΑΧΙΑ,,ΚΑΜΙΑ ΕΠΙΛΟΓΗ,ΔΟΡΥΦΟΡΙΚΑ,ΔΟΡΥΦΟΡΙΚΑ,1
7898,"ΚΕΡΑΙΑ 1,2 FLY AWAY 13,750-14,5 GHZ",ΤΕΜΑΧΙΑ,,ΚΑΜΙΑ ΕΠΙΛΟΓΗ,ΔΟΡΥΦΟΡΙΚΑ,ΔΟΡΥΦΟΡΙΚΑ,3
7899,ΔΕΚΤΗΣ,ΤΕΜΑΧΙΑ,,ΚΑΜΙΑ ΕΠΙΛΟΓΗ,ΔΟΡΥΦΟΡΙΚΑ,ΔΟΡΥΦΟΡΙΚΑ,1
7900,ΣΥΣΤΗΜΑ ΠΑΡΟΧΗΣ ΡΕΥΜΑΤΟΣ,ΤΕΜΑΧΙΑ,,ΚΑΜΙΑ ΕΠΙΛΟΓΗ,ΔΟΡΥΦΟΡΙΚΑ,ΔΟΡΥΦΟΡΙΚΑ,1
7901,Η/Ζ,ΤΕΜΑΧΙΑ,,ΚΑΜΙΑ ΕΠΙΛΟΓΗ,ΔΟΡΥΦΟΡΙΚΑ,ΔΟΡΥΦΟΡΙΚΑ,1
7902,ΚΕΡΑΙΟΣΥΣΤΗΜΑ ,ΤΕΜΑΧΙΑ,,ΚΑΜΙΑ ΕΠΙΛΟΓΗ,ΔΟΡΥΦΟΡΙΚΑ,ΔΟΡΥΦΟΡΙΚΑ,1
7903,ΣΥΣΚΕΥΗ ΔΡΟΜΟΛΟΓΗΣΗΣ ΠΑΚΕΤΩΝ,ΤΕΜΑΧΙΑ,,ΚΑΜΙΑ ΕΠΙΛΟΓΗ,ΔΟΡΥΦΟΡΙΚΑ,ΔΟΡΥΦΟΡΙΚΑ,4
7904,ΗΛΕΚΤΡΟΠΑΡΑΓΩΓΟ ΖΕΥΓΟΣ,ΤΕΜΑΧΙΑ,,ΚΑΜΙΑ ΕΠΙΛΟΓΗ,ΔΟΡΥΦΟΡΙΚΑ,ΔΟΡΥΦΟΡΙΚΑ,3
7905,ΔΡΟΜΟΛΟΓΗΤΗΣ,ΤΕΜΑΧΙΑ,,ΚΑΜΙΑ ΕΠΙΛΟΓΗ,ΔΟΡΥΦΟΡΙΚΑ,ΔΟΡΥΦΟΡΙΚΑ,1
7906,ΔΙΑΜΟΡΦΩΤΗΣ,ΤΕΜΑΧΙΑ,,ΚΑΜΙΑ ΕΠΙΛΟΓΗ,ΔΟΡΥΦΟΡΙΚΑ,ΔΟΡΥΦΟΡΙΚΑ,1
7907,ΙΚΡΙΩΜΑ ΤΟΠΟΘΕΤΗΣΗΣ ΥΛΙΚΩΝ,ΤΕΜΑΧΙΑ,,ΚΑΜΙΑ ΕΠΙΛΟΓΗ,ΔΟΡΥΦΟΡΙΚΑ,ΔΟΡΥΦΟΡΙΚΑ,2
7908,ΓΕΝΝΗΤΡΙΑ ΡΕΥΜΑΤΟΣ,ΤΕΜΑΧΙΑ,,ΚΑΜΙΑ ΕΠΙΛΟΓΗ,ΔΟΡΥΦΟΡΙΚΑ,ΔΟΡΥΦΟΡΙΚΑ,1
7909,ΦΙΛΤΡΟ ΣΥΧΝΟΤΗΤΩΝ ΔΟΡΥΦ. ΚΕΡΑΙΑΣ,ΤΕΜΑΧΙΑ,,ΚΑΜΙΑ ΕΠΙΛΟΓΗ,ΔΟΡΥΦΟΡΙΚΑ,ΔΟΡΥΦΟΡΙΚΑ,2
7912,"ΚΑΛΩΔΙΟ UTP 6X1,525 METΡΑ",ΤΕΜΑΧΙΑ,,ΚΑΜΙΑ ΕΠΙΛΟΓΗ,ΔΟΡΥΦΟΡΙΚΑ,ΔΟΡΥΦΟΡΙΚΑ,1
7921,ΔΕΚΤΗΣ ΠΑΓΚΟΣΜΙΟΥ ΛΗΨΕΩΣ S-2000,ΤΕΜΑΧΙΑ,,ΚΑΜΙΑ ΕΠΙΛΟΓΗ,ΔΟΡΥΦΟΡΙΚΑ,ΔΟΡΥΦΟΡΙΚΑ,10
7928,ΠΕΔΙΟΜΕΤΡΟ Η30 EVOLUTION,ΤΕΜΑΧΙΑ,,ΚΑΜΙΑ ΕΠΙΛΟΓΗ,ΔΟΡΥΦΟΡΙΚΑ,ΔΟΡΥΦΟΡΙΚΑ,1
7929,ΞΗΡΟ ΣΤΟΙΧΕΙΟ ΧΡΟΝΟΜΕΤΡΟΥ (LS 14250),ΤΕΜΑΧΙΑ,,ΚΑΜΙΑ ΕΠΙΛΟΓΗ,ΔΟΡΥΦΟΡΙΚΑ,ΔΟΡΥΦΟΡΙΚΑ,13
7930,ΠΡΟΣΑΡΜΟΣΤΙΚΕΣ ΔΙΑΤΑΞΕΙΣ,ΤΕΜΑΧΙΑ,,ΚΑΜΙΑ ΕΠΙΛΟΓΗ,ΔΟΡΥΦΟΡΙΚΑ,ΔΟΡΥΦΟΡΙΚΑ,2
7931,ΣΕΤ ΦΙΛΤΡΑ ΖΩΝΗΣ ΑΠΟΚΟΠΗΣ ΣΥΧΝ/ΤΩΝ ΚΕΡΑΙΟΣΥΣΤ,ΤΕΜΑΧΙΑ,,ΚΑΜΙΑ ΕΠΙΛΟΓΗ,ΔΟΡΥΦΟΡΙΚΑ,ΔΟΡΥΦΟΡΙΚΑ,32
7932,ΠΟΜΠΟΔΕΚΤΗΣ ΚU BAND 16 W ANASAT TRANCEIVER,ΤΕΜΑΧΙΑ,,ΚΑΜΙΑ ΕΠΙΛΟΓΗ,ΔΟΡΥΦΟΡΙΚΑ,ΔΟΡΥΦΟΡΙΚΑ,1
7933,ΔΟΡΥΦΟΡΙΚΕΣ ΚΕΡΑΙΕΣ ,ΤΕΜΑΧΙΑ,,ΚΑΜΙΑ ΕΠΙΛΟΓΗ,ΔΟΡΥΦΟΡΙΚΑ,ΔΟΡΥΦΟΡΙΚΑ,1
7935,MIKROWAVE W6 TO COAXIAL ADAPTOR,ΤΕΜΑΧΙΑ,,ΚΑΜΙΑ ΕΠΙΛΟΓΗ,ΔΟΡΥΦΟΡΙΚΑ,ΔΟΡΥΦΟΡΙΚΑ,1
7936,STF ETHERNET S-RJ01 MICROTIK,ΤΕΜΑΧΙΑ,,ΚΑΜΙΑ ΕΠΙΛΟΓΗ,ΔΟΡΥΦΟΡΙΚΑ,ΔΟΡΥΦΟΡΙΚΑ,4
7937,ΠΟΜΠΟΔΕΚΤΗΣ UBIQUITI R5AC-LITE,ΤΕΜΑΧΙΑ,,ΚΑΜΙΑ ΕΠΙΛΟΓΗ,ΔΟΡΥΦΟΡΙΚΑ,ΔΟΡΥΦΟΡΙΚΑ,10
7938,ΠΟΜΠΟΔΕΚΤΗΣ UBIQUITI BULLET DUAL BAND,ΤΕΜΑΧΙΑ,,ΚΑΜΙΑ ΕΠΙΛΟΓΗ,ΔΟΡΥΦΟΡΙΚΑ,ΔΟΡΥΦΟΡΙΚΑ,2
7939,ΚΑΛΩΔΙΟ ΔΡΟΜΟΛ. UBIQUITI TOUTCE CABLE,ΤΕΜΑΧΙΑ,,ΚΑΜΙΑ ΕΠΙΛΟΓΗ,ΔΟΡΥΦΟΡΙΚΑ,ΔΟΡΥΦΟΡΙΚΑ,1
7941,ΚΕΡΑΙΑ RD-5G30,ΤΕΜΑΧΙΑ,,ΚΑΜΙΑ ΕΠΙΛΟΓΗ,ΔΟΡΥΦΟΡΙΚΑ,ΔΟΡΥΦΟΡΙΚΑ,10
7942,ΒΑΣΗ ΚΕΡΑΙΑΣ MOUNT MICROTIC LITE,ΤΕΜΑΧΙΑ,,ΚΑΜΙΑ ΕΠΙΛΟΓΗ,ΔΟΡΥΦΟΡΙΚΑ,ΔΟΡΥΦΟΡΙΚΑ,4
7944,ΣΥΣΚΕΥΗ ΕΝΙΣΧΥΣΗΣ ΣΗΜΑΤΟΣ,ΤΕΜΑΧΙΑ,,ΚΑΜΙΑ ΕΠΙΛΟΓΗ,ΔΟΡΥΦΟΡΙΚΑ,ΔΟΡΥΦΟΡΙΚΑ,6
7945,ΣΥΣΚΕΥΗ ΛΗΨΗΣ ΔΟΡΥΦΟΡΙΚΟΥ ΣΗΜΑΤΟΣ,ΤΕΜΑΧΙΑ,,ΚΑΜΙΑ ΕΠΙΛΟΓΗ,ΔΟΡΥΦΟΡΙΚΑ,ΔΟΡΥΦΟΡΙΚΑ,1
7946,ΚΕΡΑΙΑ,ΤΕΜΑΧΙΑ,,ΚΑΜΙΑ ΕΠΙΛΟΓΗ,ΔΟΡΥΦΟΡΙΚΑ,ΔΟΡΥΦΟΡΙΚΑ,2
7947,ΔΟΡΥΦΟΡΙΚΟ ΠΙΑΤΟ,ΤΕΜΑΧΙΑ,,ΚΑΜΙΑ ΕΠΙΛΟΓΗ,ΔΟΡΥΦΟΡΙΚΑ,ΔΟΡΥΦΟΡΙΚΑ,1
7948,ΣΥΣΚΕΥΗ ΜΕΤΑΔΟΣΗΣ ΔΟΡΥΦΟΡΙΚΗΣ ΕΚΠΟΜΠΗΣ,ΤΕΜΑΧΙΑ,,ΚΑΜΙΑ ΕΠΙΛΟΓΗ,ΔΟΡΥΦΟΡΙΚΑ,ΔΟΡΥΦΟΡΙΚΑ,1
7949,RACK,ΤΕΜΑΧΙΑ,,ΚΑΜΙΑ ΕΠΙΛΟΓΗ,ΔΟΡΥΦΟΡΙΚΑ,ΔΟΡΥΦΟΡΙΚΑ,3
7950,ΔΟΡΥΦΟΡΙΚΟ ΜΟΝΤΕΜ,ΤΕΜΑΧΙΑ,,ΚΑΜΙΑ ΕΠΙΛΟΓΗ,ΔΟΡΥΦΟΡΙΚΑ,ΔΟΡΥΦΟΡΙΚΑ,4
7951,ΔΟΡΥΦΟΡΙΚΟΣ ΕΝΙΣΧΥΤΗΣ 50W Advetec Wirel,ΤΕΜΑΧΙΑ,,ΚΑΜΙΑ ΕΠΙΛΟΓΗ,ΔΟΡΥΦΟΡΙΚΑ,ΔΟΡΥΦΟΡΙΚΑ,1
7952,ΔΟΡΥΦΟΡΙΚΟΣ ΕΝΙΣΧΥΤΗΣ 220V-50W,ΤΕΜΑΧΙΑ,,ΚΑΜΙΑ ΕΠΙΛΟΓΗ,ΔΟΡΥΦΟΡΙΚΑ,ΔΟΡΥΦΟΡΙΚΑ,1
7954,ΔΟΡΥΦΟΡΙΚΟΣ ΕΝΙΣΧΥΤΗΣ 24V-8W,ΤΕΜΑΧΙΑ,,ΚΑΜΙΑ ΕΠΙΛΟΓΗ,ΔΟΡΥΦΟΡΙΚΑ,ΔΟΡΥΦΟΡΙΚΑ,2
7959,ΤΡΟΦΟΔΟΤΙΚΟ ΜΙΚΡΟΚΥΜΜΑΤΙΚΟΥ ΡΟΕ,ΤΕΜΑΧΙΑ,,ΚΑΜΙΑ ΕΠΙΛΟΓΗ,ΔΟΡΥΦΟΡΙΚΑ,ΔΟΡΥΦΟΡΙΚΑ,20
7971,ΕΝΙΣΧΥΤΗΣ 24V-8W,ΤΕΜΑΧΙΑ,,ΚΑΜΙΑ ΕΠΙΛΟΓΗ,ΔΟΡΥΦΟΡΙΚΑ,ΔΟΡΥΦΟΡΙΚΑ,1
7973,"ΜΕΜΒΡΑΝΗ FEEDHORN ΚΕΡΑΙΑ 1,8Μ",ΤΕΜΑΧΙΑ,,ΚΑΜΙΑ ΕΠΙΛΟΓΗ,ΔΟΡΥΦΟΡΙΚΑ,ΔΟΡΥΦΟΡΙΚΑ,10
7982,ΕΠΕΞΕΡΓΑΣΤΗΣ ΕΛΕΓΧΟΥ ΚΕΡΑΙΑΣ RC3000,ΤΕΜΑΧΙΑ,,ΚΑΜΙΑ ΕΠΙΛΟΓΗ,ΔΟΡΥΦΟΡΙΚΑ,ΔΟΡΥΦΟΡΙΚΑ,1
7983,ΚΕΡΑΙΑ MIKROTIK METAL OMNI DIRECTIONAL,ΤΕΜΑΧΙΑ,,ΚΑΜΙΑ ΕΠΙΛΟΓΗ,ΔΟΡΥΦΟΡΙΚΑ,ΔΟΡΥΦΟΡΙΚΑ,4
7984,ΒΑΣΗ ΚΕΡΑΙΑΣ ΙΝΟΧ,ΤΕΜΑΧΙΑ,,ΚΑΜΙΑ ΕΠΙΛΟΓΗ,ΔΟΡΥΦΟΡΙΚΑ,ΔΟΡΥΦΟΡΙΚΑ,11
7986,ΠΟΛΥΚΑΤΕΥΘΥΝΤΙΚΗ ΚΕΡΑΙΑ,ΤΕΜΑΧΙΑ,,ΚΑΜΙΑ ΕΠΙΛΟΓΗ,ΔΟΡΥΦΟΡΙΚΑ,ΔΟΡΥΦΟΡΙΚΑ,11
7987,ΕΠΕΞΕΡΓΑΣΤΗΣ ΤΥΠΟΥ FDMA DMD20 IF,ΤΕΜΑΧΙΑ,,ΚΑΜΙΑ ΕΠΙΛΟΓΗ,ΔΟΡΥΦΟΡΙΚΑ,ΔΟΡΥΦΟΡΙΚΑ,2
7988,ΤΡΟΦΟΔΟΤΙΚΟ ΤΥΠΟΥ FDMA DMD20 IF,ΤΕΜΑΧΙΑ,,ΚΑΜΙΑ ΕΠΙΛΟΓΗ,ΔΟΡΥΦΟΡΙΚΑ,ΔΟΡΥΦΟΡΙΚΑ,4
7989,ΒΑΘΜΙΔΑ ΤΡΟΦ.ΔΟΡΥΦ.ΠΕΔΙΟΜ.PROMAX TV EXPLORE,ΤΕΜΑΧΙΑ,,ΚΑΜΙΑ ΕΠΙΛΟΓΗ,ΔΟΡΥΦΟΡΙΚΑ,ΔΟΡΥΦΟΡΙΚΑ,2
7990,ΠΛΑΚΕΤΑ ΔΙΑΜΟΡΦ.ΣΗΜΑΤΟΣ.ΔΟΡΥΦ.ΠΕΔΙΟΜΕΤΡΟΥ P,ΤΕΜΑΧΙΑ,,ΚΑΜΙΑ ΕΠΙΛΟΓΗ,ΔΟΡΥΦΟΡΙΚΑ,ΔΟΡΥΦΟΡΙΚΑ,1
7991,VIDEO CODEC UNIT ΔΟΡΥΦ.ΠΕΔΙΟΜ.PROMAX HD RANG,ΤΕΜΑΧΙΑ,,ΚΑΜΙΑ ΕΠΙΛΟΓΗ,ΔΟΡΥΦΟΡΙΚΑ,ΔΟΡΥΦΟΡΙΚΑ,1
7992,TV SAT ANALYZER UNIT ΔΟΡΥΦ.ΠΕΔΙΟΜ.PROMAX HD R,ΤΕΜΑΧΙΑ,,ΚΑΜΙΑ ΕΠΙΛΟΓΗ,ΔΟΡΥΦΟΡΙΚΑ,ΔΟΡΥΦΟΡΙΚΑ,1
7993,LNB,ΤΕΜΑΧΙΑ,,ΚΑΜΙΑ ΕΠΙΛΟΓΗ,ΔΟΡΥΦΟΡΙΚΑ,ΔΟΡΥΦΟΡΙΚΑ,9
7995,ΤΡΟΦΟΔΟΤΙΚΟ ΕΞΟΔΟΥ MDX 420,ΤΕΜΑΧΙΑ,,ΚΑΜΙΑ ΕΠΙΛΟΓΗ,ΔΟΡΥΦΟΡΙΚΑ,ΔΟΡΥΦΟΡΙΚΑ,1
7996,ΠΛΑΚΕΤΑ ΕΚΠΟΜΠΗΣ MDX 420,ΤΕΜΑΧΙΑ,,ΚΑΜΙΑ ΕΠΙΛΟΓΗ,ΔΟΡΥΦΟΡΙΚΑ,ΔΟΡΥΦΟΡΙΚΑ,1
7997,LNB (APPENDIX),ΤΕΜΑΧΙΑ,,ΚΑΜΙΑ ΕΠΙΛΟΓΗ,ΔΟΡΥΦΟΡΙΚΑ,ΔΟΡΥΦΟΡΙΚΑ,1
7998,ΣΥΣΣΩΡΕΥΤΗΣ MDX-420 SKYWIRE TDMA,ΤΕΜΑΧΙΑ,,ΚΑΜΙΑ ΕΠΙΛΟΓΗ,ΔΟΡΥΦΟΡΙΚΑ,ΔΟΡΥΦΟΡΙΚΑ,5
7999,ΒΑΘΜΙΔΑ ΨΥΞΗΣ,ΤΕΜΑΧΙΑ,,ΚΑΜΙΑ ΕΠΙΛΟΓΗ,ΔΟΡΥΦΟΡΙΚΑ,ΔΟΡΥΦΟΡΙΚΑ,1
8051,ALGA MICROWAVE ALTX-LITE-KU-10BUC 10W 24VDC(E,ΤΕΜΑΧΙΑ,,ΚΑΜΙΑ ΕΠΙΛΟΓΗ,ΔΟΡΥΦΟΡΙΚΑ,ΔΟΡΥΦΟΡΙΚΑ,1
8052,ALGA MICROWAVE ALTX-LITE-KU-16BUC 16W 48VDC(E,ΤΕΜΑΧΙΑ,,ΚΑΜΙΑ ΕΠΙΛΟΓΗ,ΔΟΡΥΦΟΡΙΚΑ,ΔΟΡΥΦΟΡΙΚΑ,1
8053,ΗΛΕΚΤΡΟΛΟΓΙΚΟ ΚΥΤΙΟ,ΤΕΜΑΧΙΑ,,ΚΑΜΙΑ ΕΠΙΛΟΓΗ,ΔΟΡΥΦΟΡΙΚΑ,ΔΟΡΥΦΟΡΙΚΑ,30
8054,SMW SWEDISH MICROWAVE SINGLE KU BAND PLL LNB(,ΤΕΜΑΧΙΑ,,ΚΑΜΙΑ ΕΠΙΛΟΓΗ,ΔΟΡΥΦΟΡΙΚΑ,ΔΟΡΥΦΟΡΙΚΑ,2
8056,ALGA MICROWAVE ALTX-LITE-KU-8BUC 8W 48VDC(EΝΙΣ,ΤΕΜΑΧΙΑ,,ΚΑΜΙΑ ΕΠΙΛΟΓΗ,ΔΟΡΥΦΟΡΙΚΑ,ΔΟΡΥΦΟΡΙΚΑ,2
8057,ALGA MICROWAVE ALTX-LITE-KU-8BUC 8W 24VDC(EΝΙ,ΤΕΜΑΧΙΑ,,ΚΑΜΙΑ ΕΠΙΛΟΓΗ,ΔΟΡΥΦΟΡΙΚΑ,ΔΟΡΥΦΟΡΙΚΑ,2
8134,ΚΑΛΩΔΙΟ WD-1TT,ΤΕΜΑΧΙΑ,,ΚΑΜΙΑ ΕΠΙΛΟΓΗ,ΔΟΡΥΦΟΡΙΚΑ,ΔΟΡΥΦΟΡΙΚΑ,20
8135,FLEXIBLE WG 2.00M,ΤΕΜΑΧΙΑ,,ΚΑΜΙΑ ΕΠΙΛΟΓΗ,ΔΟΡΥΦΟΡΙΚΑ,ΔΟΡΥΦΟΡΙΚΑ,1
8245,ΕΝΙΣΧΥΤΗΣ ALTX-LIKE-KU-16W 24/48,ΤΕΜΑΧΙΑ,,ΚΑΜΙΑ ΕΠΙΛΟΓΗ,ΔΟΡΥΦΟΡΙΚΑ,ΔΟΡΥΦΟΡΙΚΑ,1
8246,MODEM DMD 20 LB ST HARDW.UPGRADE KIT,ΤΕΜΑΧΙΑ,,ΚΑΜΙΑ ΕΠΙΛΟΓΗ,ΔΟΡΥΦΟΡΙΚΑ,ΔΟΡΥΦΟΡΙΚΑ,2
8253,UBIQUITI ROCKET AIRMAX AP-CPE M5,ΤΕΜΑΧΙΑ,,ΚΑΜΙΑ ΕΠΙΛΟΓΗ,ΔΟΡΥΦΟΡΙΚΑ,ΔΟΡΥΦΟΡΙΚΑ,16
8254,NET UBIQUITI RAD-2RD RADOME,ΤΕΜΑΧΙΑ,,ΚΑΜΙΑ ΕΠΙΛΟΓΗ,ΔΟΡΥΦΟΡΙΚΑ,ΔΟΡΥΦΟΡΙΚΑ,10
8282,NOTEBOOK DELL LATITUDE E5500,ΤΕΜΑΧΙΑ,,ΚΑΜΙΑ ΕΠΙΛΟΓΗ,ΔΟΡΥΦΟΡΙΚΑ,ΔΟΡΥΦΟΡΙΚΑ,8
8288,H/Υ DELL OPTIPL 780DT/E8400/2GB,ΤΕΜΑΧΙΑ,,ΚΑΜΙΑ ΕΠΙΛΟΓΗ,ΔΟΡΥΦΟΡΙΚΑ,ΔΟΡΥΦΟΡΙΚΑ,1
8311,NETMETAL 5 2xRPSMA 2000mW,ΤΕΜΑΧΙΑ,,ΚΑΜΙΑ ΕΠΙΛΟΓΗ,ΔΟΡΥΦΟΡΙΚΑ,ΔΟΡΥΦΟΡΙΚΑ,1
8342,ΚΑΛΩΔΙΟ ΜΕΤΑΦΟΡΑΣ ΔΕΔΟΜΕΝΩΝ Σ/Α HF,ΤΕΜΑΧΙΑ,,ΚΑΜΙΑ ΕΠΙΛΟΓΗ,ΔΟΡΥΦΟΡΙΚΑ,ΔΟΡΥΦΟΡΙΚΑ,8
8347,IC-F3022 EUR-02 Π/Δ (W/BP-232N) ICOM,ΤΕΜΑΧΙΑ,,ΚΑΜΙΑ ΕΠΙΛΟΓΗ,ΔΟΡΥΦΟΡΙΚΑ,ΔΟΡΥΦΟΡΙΚΑ,5
8354,ROUTER CISCO 2901+2FXS,ΤΕΜΑΧΙΑ,,ΚΑΜΙΑ ΕΠΙΛΟΓΗ,ΔΟΡΥΦΟΡΙΚΑ,ΔΟΡΥΦΟΡΙΚΑ,1
8356,H/Z 6 KVA CGM 7500DES,ΤΕΜΑΧΙΑ,,ΚΑΜΙΑ ΕΠΙΛΟΓΗ,ΔΟΡΥΦΟΡΙΚΑ,ΔΟΡΥΦΟΡΙΚΑ,1
8357,ΔΟΡΥΦΟΡΙΚΟ MODEM IP-TDMA MDX-420,ΤΕΜΑΧΙΑ,,ΚΑΜΙΑ ΕΠΙΛΟΓΗ,ΔΟΡΥΦΟΡΙΚΑ,ΔΟΡΥΦΟΡΙΚΑ,1
8360,UPS ΤΥΠΟΥ RACK ΜΕ ΜΠΑΤΑΡΙΕΣ,ΤΕΜΑΧΙΑ,,ΚΑΜΙΑ ΕΠΙΛΟΓΗ,ΔΟΡΥΦΟΡΙΚΑ,ΔΟΡΥΦΟΡΙΚΑ,1
8375,MODEM DMD 20 RADYNE,ΤΕΜΑΧΙΑ,,ΚΑΜΙΑ ΕΠΙΛΟΓΗ,ΔΟΡΥΦΟΡΙΚΑ,ΔΟΡΥΦΟΡΙΚΑ,8
8376,"ΚΕΡΑΙΑ 1,80 KU BAND VSAT",ΤΕΜΑΧΙΑ,,ΚΑΜΙΑ ΕΠΙΛΟΓΗ,ΔΟΡΥΦΟΡΙΚΑ,ΔΟΡΥΦΟΡΙΚΑ,2
8378,HP NOTEBOOK NX 7400i,ΤΕΜΑΧΙΑ,,ΚΑΜΙΑ ΕΠΙΛΟΓΗ,ΔΟΡΥΦΟΡΙΚΑ,ΔΟΡΥΦΟΡΙΚΑ,2
8384,NERAWORLDPHONE OFFICE BASK,ΤΕΜΑΧΙΑ,,ΚΑΜΙΑ ΕΠΙΛΟΓΗ,ΔΟΡΥΦΟΡΙΚΑ,ΔΟΡΥΦΟΡΙΚΑ,2
8387,ΕΝΙΣΧΥΤΗΣ 200W E2V,ΤΕΜΑΧΙΑ,,ΚΑΜΙΑ ΕΠΙΛΟΓΗ,ΔΟΡΥΦΟΡΙΚΑ,ΔΟΡΥΦΟΡΙΚΑ,2
8389,ΑΣΥΡΜΑΤΙΚΟΙ ΕΝΙΣΧΥΤΕΣ,ΤΕΜΑΧΙΑ,,ΚΑΜΙΑ ΕΠΙΛΟΓΗ,ΔΟΡΥΦΟΡΙΚΑ,ΔΟΡΥΦΟΡΙΚΑ,1
8391,ΤΡΟΦΟΔΟΤΙΚΟ ΓΙΑ BUC16W,ΤΕΜΑΧΙΑ,,ΚΑΜΙΑ ΕΠΙΛΟΓΗ,ΔΟΡΥΦΟΡΙΚΑ,ΔΟΡΥΦΟΡΙΚΑ,2
8392,ΣΥΣΤΗΜΑ ΑΔΙΑΛΛΕΙΠΤΗΣ ΛΕΙΤΟΥΡ UPS,ΤΕΜΑΧΙΑ,,ΚΑΜΙΑ ΕΠΙΛΟΓΗ,ΔΟΡΥΦΟΡΙΚΑ,ΔΟΡΥΦΟΡΙΚΑ,6
8394,ΜΗΧΑΝ. ΥΠΟΒΟΗΘΗΣΗΣ ΑΝΥΨ.ΔΟΡΥΦ.ΚΕΡΑΙΑΣ ,ΤΕΜΑΧΙΑ,,ΚΑΜΙΑ ΕΠΙΛΟΓΗ,ΔΟΡΥΦΟΡΙΚΑ,ΔΟΡΥΦΟΡΙΚΑ,1
8395,UBNT ROCKETDISH 30 DBI 5GHZ,ΤΕΜΑΧΙΑ,,ΚΑΜΙΑ ΕΠΙΛΟΓΗ,ΔΟΡΥΦΟΡΙΚΑ,ΔΟΡΥΦΟΡΙΚΑ,6
8399,ΔΟΡΥΦΟΡΙΚΟ ΤΗΛ THURAYA XT PRO,ΤΕΜΑΧΙΑ,,ΚΑΜΙΑ ΕΠΙΛΟΓΗ,ΔΟΡΥΦΟΡΙΚΑ,ΔΟΡΥΦΟΡΙΚΑ,10
8429,UBIQUITI 11FX HIGH BRAND DUPLEXEUR,ΤΕΜΑΧΙΑ,,ΚΑΜΙΑ ΕΠΙΛΟΓΗ,ΔΟΡΥΦΟΡΙΚΑ,ΔΟΡΥΦΟΡΙΚΑ,2
8430,NET UBIQUITI RP-5AC 5GHZ GEN 2,ΤΕΜΑΧΙΑ,,ΚΑΜΙΑ ΕΠΙΛΟΓΗ,ΔΟΡΥΦΟΡΙΚΑ,ΔΟΡΥΦΟΡΙΚΑ,1
8431,UBNT RAD RD 3 RADOME (ΚΑΛΥΜΜΑ),ΤΕΜΑΧΙΑ,,ΚΑΜΙΑ ΕΠΙΛΟΓΗ,ΔΟΡΥΦΟΡΙΚΑ,ΔΟΡΥΦΟΡΙΚΑ,22
8437,NET UBIQUITI AF-5X HD 500MBPS,ΤΕΜΑΧΙΑ,,ΚΑΜΙΑ ΕΠΙΛΟΓΗ,ΔΟΡΥΦΟΡΙΚΑ,ΔΟΡΥΦΟΡΙΚΑ,9
8438,NET UBIQUITI AF-5G34-S45,ΤΕΜΑΧΙΑ,,ΚΑΜΙΑ ΕΠΙΛΟΓΗ,ΔΟΡΥΦΟΡΙΚΑ,ΔΟΡΥΦΟΡΙΚΑ,15
8439,NET UBIQUITI AF-11FX HIGH BRAND,ΤΕΜΑΧΙΑ,,ΚΑΜΙΑ ΕΠΙΛΟΓΗ,ΔΟΡΥΦΟΡΙΚΑ,ΔΟΡΥΦΟΡΙΚΑ,1
8440,NET UBIQUITI AF-11G35,ΤΕΜΑΧΙΑ,,ΚΑΜΙΑ ΕΠΙΛΟΓΗ,ΔΟΡΥΦΟΡΙΚΑ,ΔΟΡΥΦΟΡΙΚΑ,1
8442,NET UBIQUITI RAD-RD3,ΤΕΜΑΧΙΑ,,ΚΑΜΙΑ ΕΠΙΛΟΓΗ,ΔΟΡΥΦΟΡΙΚΑ,ΔΟΡΥΦΟΡΙΚΑ,1
8443,NET UBIQUITI EP-R6,ΤΕΜΑΧΙΑ,,ΚΑΜΙΑ ΕΠΙΛΟΓΗ,ΔΟΡΥΦΟΡΙΚΑ,ΔΟΡΥΦΟΡΙΚΑ,3
8503,ΔΡΟΜΟΛΟΓΗΤΗΣ ROUTER,ΤΕΜΑΧΙΑ,,ΚΑΜΙΑ ΕΠΙΛΟΓΗ,ΔΟΡΥΦΟΡΙΚΑ,ΔΟΡΥΦΟΡΙΚΑ,2
8517,X-BAND FEEDHORN,ΤΕΜΑΧΙΑ,,ΚΑΜΙΑ ΕΠΙΛΟΓΗ,ΔΟΡΥΦΟΡΙΚΑ,ΔΟΡΥΦΟΡΙΚΑ,2
8518,ACORD BUC 40W,ΤΕΜΑΧΙΑ,,ΚΑΜΙΑ ΕΠΙΛΟΓΗ,ΔΟΡΥΦΟΡΙΚΑ,ΔΟΡΥΦΟΡΙΚΑ,7
8520,ΦΙΛΤΡΟ ΛΗΨΗΣ,ΤΕΜΑΧΙΑ,,ΚΑΜΙΑ ΕΠΙΛΟΓΗ,ΔΟΡΥΦΟΡΙΚΑ,ΔΟΡΥΦΟΡΙΚΑ,1
8522,ΚΑΛ. UTP CAT5e ΜΟΝΟΚΛΩΝΟ (305Μ),ΤΕΜΑΧΙΑ,,ΚΑΜΙΑ ΕΠΙΛΟΓΗ,ΔΟΡΥΦΟΡΙΚΑ,ΔΟΡΥΦΟΡΙΚΑ,3
8523,ΚΕΡΑΙΑ RX/TX 2.4 PRODELIN,ΤΕΜΑΧΙΑ,,ΚΑΜΙΑ ΕΠΙΛΟΓΗ,ΔΟΡΥΦΟΡΙΚΑ,ΔΟΡΥΦΟΡΙΚΑ,2
8530,UBNT AM-5G20-90 ΚΕΡΑΙΑ,ΤΕΜΑΧΙΑ,,ΚΑΜΙΑ ΕΠΙΛΟΓΗ,ΔΟΡΥΦΟΡΙΚΑ,ΔΟΡΥΦΟΡΙΚΑ,1
8533,UBNT AM-5G19-120,ΤΕΜΑΧΙΑ,,ΚΑΜΙΑ ΕΠΙΛΟΓΗ,ΔΟΡΥΦΟΡΙΚΑ,ΔΟΡΥΦΟΡΙΚΑ,2
8536,ΤΗΛΕΦΩΝΙΚΟ ΚΕΝΤΡΟ ΚΧ-ΤD,ΤΕΜΑΧΙΑ,,ΚΑΜΙΑ ΕΠΙΛΟΓΗ,ΔΟΡΥΦΟΡΙΚΑ,ΔΟΡΥΦΟΡΙΚΑ,1
8540,TDR CABLE TELESCOUT TS90,ΤΕΜΑΧΙΑ,,ΚΑΜΙΑ ΕΠΙΛΟΓΗ,ΔΟΡΥΦΟΡΙΚΑ,ΔΟΡΥΦΟΡΙΚΑ,1
8541,UPS ΙΚΡΙΜΑΤΙΚΟΥ ΤΥΠΟΥ 3KVA,ΤΕΜΑΧΙΑ,,ΚΑΜΙΑ ΕΠΙΛΟΓΗ,ΔΟΡΥΦΟΡΙΚΑ,ΔΟΡΥΦΟΡΙΚΑ,1
8542,ΜΕΤΑΛ.ΙΚΡΙΩΜΑ 19'' 22U,ΤΕΜΑΧΙΑ,,ΚΑΜΙΑ ΕΠΙΛΟΓΗ,ΔΟΡΥΦΟΡΙΚΑ,ΔΟΡΥΦΟΡΙΚΑ,1
8543,ΠΙΝΑΚΑΣ ΕΣΩΤΕΡΙΚΟΣ 230V,ΤΕΜΑΧΙΑ,,ΚΑΜΙΑ ΕΠΙΛΟΓΗ,ΔΟΡΥΦΟΡΙΚΑ,ΔΟΡΥΦΟΡΙΚΑ,1
8544,N/B DELL VOSTRO 3550,ΤΕΜΑΧΙΑ,,ΚΑΜΙΑ ΕΠΙΛΟΓΗ,ΔΟΡΥΦΟΡΙΚΑ,ΔΟΡΥΦΟΡΙΚΑ,8
8575,ΚΑΛΩΔΙΟ CAVEL DG 113 ΟΜΟΑΞ.,ΤΕΜΑΧΙΑ,,ΚΑΜΙΑ ΕΠΙΛΟΓΗ,ΔΟΡΥΦΟΡΙΚΑ,ΔΟΡΥΦΟΡΙΚΑ,100
8608,ΔΙΑΚΛΑΔΩΤΗΡΑΣ (SPLITTER/COMBINER) 8 PORTS,ΤΕΜΑΧΙΑ,,ΚΑΜΙΑ ΕΠΙΛΟΓΗ,ΔΟΡΥΦΟΡΙΚΑ,ΔΟΡΥΦΟΡΙΚΑ,2
8610,GLK LH SM CISCO SFP OPT. TRANSEIV.,ΤΕΜΑΧΙΑ,,ΚΑΜΙΑ ΕΠΙΛΟΓΗ,ΔΟΡΥΦΟΡΙΚΑ,ΔΟΡΥΦΟΡΙΚΑ,1
8611,H/Z PETROGEN,ΤΕΜΑΧΙΑ,,ΚΑΜΙΑ ΕΠΙΛΟΓΗ,ΔΟΡΥΦΟΡΙΚΑ,ΔΟΡΥΦΟΡΙΚΑ,1
8613,UPS ΙΚΡΙΩΜΑΤΙΚΟΥ ΤΥΠΟΥ 3KVA,ΤΕΜΑΧΙΑ,,ΚΑΜΙΑ ΕΠΙΛΟΓΗ,ΔΟΡΥΦΟΡΙΚΑ,ΔΟΡΥΦΟΡΙΚΑ,1
8614,ATTENUATORS 10DB,ΤΕΜΑΧΙΑ,,ΚΑΜΙΑ ΕΠΙΛΟΓΗ,ΔΟΡΥΦΟΡΙΚΑ,ΔΟΡΥΦΟΡΙΚΑ,2
8615,ATTENUATORS 20DB,ΤΕΜΑΧΙΑ,,ΚΑΜΙΑ ΕΠΙΛΟΓΗ,ΔΟΡΥΦΟΡΙΚΑ,ΔΟΡΥΦΟΡΙΚΑ,2
8617,ΔΟΡΥΦΟΡΙΚΟ Modem 1p-tdma mdx420,ΤΕΜΑΧΙΑ,,ΚΑΜΙΑ ΕΠΙΛΟΓΗ,ΔΟΡΥΦΟΡΙΚΑ,ΔΟΡΥΦΟΡΙΚΑ,1
8618,Terminator n plug 50 ohm,ΤΕΜΑΧΙΑ,,ΚΑΜΙΑ ΕΠΙΛΟΓΗ,ΔΟΡΥΦΟΡΙΚΑ,ΔΟΡΥΦΟΡΙΚΑ,8
8619,V-spco4 pn-dci 4way passive vsat combiner splitt,ΤΕΜΑΧΙΑ,,ΚΑΜΙΑ ΕΠΙΛΟΓΗ,ΔΟΡΥΦΟΡΙΚΑ,ΔΟΡΥΦΟΡΙΚΑ,2
8621,Smw pll 10.00 f 10khz LNB,ΤΕΜΑΧΙΑ,,ΚΑΜΙΑ ΕΠΙΛΟΓΗ,ΔΟΡΥΦΟΡΙΚΑ,ΔΟΡΥΦΟΡΙΚΑ,2
8625,ΟΜΟΑΞΟΝΙΚΟ ΚΑΛΩΔΙΟ DG 113,ΤΕΜΑΧΙΑ,,ΚΑΜΙΑ ΕΠΙΛΟΓΗ,ΔΟΡΥΦΟΡΙΚΑ,ΔΟΡΥΦΟΡΙΚΑ,1
8637,ΤΡΟΦΟΔΟΤΙΚΟ ΑΔΙΑΛ ΛΕΙΤΟΥΡ UPS,ΤΕΜΑΧΙΑ,,ΚΑΜΙΑ ΕΠΙΛΟΓΗ,ΔΟΡΥΦΟΡΙΚΑ,ΔΟΡΥΦΟΡΙΚΑ,1
8650,SG-2520 SAT PHONE,ΤΕΜΑΧΙΑ,,ΚΑΜΙΑ ΕΠΙΛΟΓΗ,ΔΟΡΥΦΟΡΙΚΑ,ΔΟΡΥΦΟΡΙΚΑ,3
8651,DC CHARGER SG-2520,ΤΕΜΑΧΙΑ,,ΚΑΜΙΑ ΕΠΙΛΟΓΗ,ΔΟΡΥΦΟΡΙΚΑ,ΔΟΡΥΦΟΡΙΚΑ,5
8652,HIGH CAPACITY BAT,ΤΕΜΑΧΙΑ,,ΚΑΜΙΑ ΕΠΙΛΟΓΗ,ΔΟΡΥΦΟΡΙΚΑ,ΔΟΡΥΦΟΡΙΚΑ,7
8653,CASE SG-2520,ΤΕΜΑΧΙΑ,,ΚΑΜΙΑ ΕΠΙΛΟΓΗ,ΔΟΡΥΦΟΡΙΚΑ,ΔΟΡΥΦΟΡΙΚΑ,3
8665,ΒΑΣΗ ΓΙΑ THURAYA FDU2520 (06000149),ΤΕΜΑΧΙΑ,,ΚΑΜΙΑ ΕΠΙΛΟΓΗ,ΔΟΡΥΦΟΡΙΚΑ,ΔΟΡΥΦΟΡΙΚΑ,1
8728,ΔΟΡΥΦΟΡΙΚΟ ΤΕΡΜΑΤΙΚΟ IRIDIUM 9555A,ΤΕΜΑΧΙΑ,,ΚΑΜΙΑ ΕΠΙΛΟΓΗ,ΔΟΡΥΦΟΡΙΚΑ,ΔΟΡΥΦΟΡΙΚΑ,5
8729,UP DOWN CONVERTER COMTECH,ΤΕΜΑΧΙΑ,,ΚΑΜΙΑ ΕΠΙΛΟΓΗ,ΔΟΡΥΦΟΡΙΚΑ,ΔΟΡΥΦΟΡΙΚΑ,1
8730,ΚΕΡΑΙΟΣΥΣΤΗΜΑ IRIDIUM,ΤΕΜΑΧΙΑ,,ΚΑΜΙΑ ΕΠΙΛΟΓΗ,ΔΟΡΥΦΟΡΙΚΑ,ΔΟΡΥΦΟΡΙΚΑ,2
8735,MODEM COMTECH L-BAND ETH INTERFACE,ΤΕΜΑΧΙΑ,,ΚΑΜΙΑ ΕΠΙΛΟΓΗ,ΔΟΡΥΦΟΡΙΚΑ,ΔΟΡΥΦΟΡΙΚΑ,1
8736,ΔΟΡΥΦΟΡΙΚΟΙ ΕΝΙΣΧΥΤΕΣ PATRIOT KU L-BAND,ΤΕΜΑΧΙΑ,,ΚΑΜΙΑ ΕΠΙΛΟΓΗ,ΔΟΡΥΦΟΡΙΚΑ,ΔΟΡΥΦΟΡΙΚΑ,1
8737,RACK 27U ΕΠΙΔΑΠΕΔΙΟ 60Χ60 ΚΡΟΝΕ,ΤΕΜΑΧΙΑ,,ΚΑΜΙΑ ΕΠΙΛΟΓΗ,ΔΟΡΥΦΟΡΙΚΑ,ΔΟΡΥΦΟΡΙΚΑ,1
8738,PANEL KIT 2 ΑΝΕΜΙΣΤ ΚΡΟΝΕ,ΤΕΜΑΧΙΑ,,ΚΑΜΙΑ ΕΠΙΛΟΓΗ,ΔΟΡΥΦΟΡΙΚΑ,ΔΟΡΥΦΟΡΙΚΑ,1
8739,ΠΟΛΥΜΕΤΡΟ ΡΑΓΑΣ,ΤΕΜΑΧΙΑ,,ΚΑΜΙΑ ΕΠΙΛΟΓΗ,ΔΟΡΥΦΟΡΙΚΑ,ΔΟΡΥΦΟΡΙΚΑ,1
8750,ALGA MICROWAVE ALTX-LITE-KU-16 BUC 16W 24VDC(E,ΤΕΜΑΧΙΑ,,ΚΑΜΙΑ ΕΠΙΛΟΓΗ,ΔΟΡΥΦΟΡΙΚΑ,ΔΟΡΥΦΟΡΙΚΑ,3
